Customer_ID,cluster_kmeans
4526-ZJJTM,1
5302-BDJNT,1
5468-BPMMO,0
2212-LYASK,0
0378-XSZPU,1
6023-YEBUP,0
7030-NJVDP,1
7549-MYGPK,1
2469-DTSGX,1
3090-LETTY,0
6486-LHTMA,1
9799-CAYJJ,0
7690-KPNCU,1
9576-ANLXO,0
1089-HDMKP,0
1092-GANHU,0
2931-VUVJN,1
2077-DDHJK,1
9114-DPSIA,1
3494-JCHRQ,0
2277-AXSDC,0
1928-BXYIV,0
7326-RIGQZ,0
8634-MPHTR,1
0064-SUDOG,0
6972-SNKKW,0
3877-JRJIP,0
7409-KIUTL,0
3951-NJCVI,1
8285-ABVLB,0
0637-KVDLV,0
0260-ZDLGK,0
1548-ARAGG,0
1987-AUELQ,0
2684-EIWEO,1
1027-LKKQQ,1
3717-OEAUQ,0
7033-CLAMM,0
1143-NMNQJ,0
6839-ITVZJ,0
8082-GHXOP,0
3569-VLDHH,1
3061-BCKYI,0
6424-ELEYH,0
9018-PCIOK,1
3256-EZDBI,0
3249-VHRIP,1
2921-XWDJH,1
5456-ITGIC,1
7971-HLVXI,1
3662-FXJFO,0
7779-LGOVN,0
2480-EJWYP,1
7544-ZVIKX,1
6257-RJOHI,0
2011-TRQYE,0
5789-LDFXO,0
6352-GIGGQ,1
6807-SIWJI,1
0426-TIRNE,0
4291-TPNFG,1
3746-EUBYR,0
9362-MWODR,0
7321-ZNSLA,0
0565-JUPYD,1
8336-TAVKX,1
3086-RUCRN,1
3745-HRPHI,1
9928-BZVLZ,0
0674-GCDXG,1
9027-TMATR,1
4910-AQFFX,0
3736-BLEPA,1
9220-CXRSC,1
2452-KDRRH,1
7471-WNSUF,0
9992-UJOEL,0
5204-QZXPU,0
9481-SFCQY,0
1247-QBVSH,0
6478-HRRCZ,1
9838-BFCQT,0
7268-IGMFD,1
0750-EBAIU,1
0428-AXXLJ,0
5820-PTRYM,1
3234-VKACU,0
5309-TAIKL,0
6834-NXDCA,0
4622-YNKIJ,1
1169-SAOCL,1
9391-EOYLI,0
0330-BGYZE,1
5067-WJEUN,1
8329-UTMVM,1
9448-REEVD,0
3411-WLRSQ,0
5131-PONJI,1
3312-ZWLGF,0
4079-VTGLK,1
7858-GTZSP,0
2639-UGMAZ,1
2750-BJLSB,1
1732-FEKLD,1
4659-NZRUF,1
4013-GUXND,0
7668-XCFYV,1
8651-ENBZX,1
6981-TDRFT,1
7765-LWVVH,1
7696-CFTAT,0
4611-ANLQC,1
7129-CAKJW,0
2397-BRLOM,0
3197-NNYNB,1
0139-IVFJG,0
5167-GBFRE,0
3070-DVEYC,0
0396-HUJBP,0
0813-TAXXS,1
0811-GSDTP,0
9522-BNTHX,1
9242-TKFSV,1
8993-PHFWD,0
6481-LXPWL,0
0547-HURJB,0
4361-BKAXE,1
5240-CAOYT,1
3714-XPXBW,1
6599-CEBNN,0
9488-FYQAU,1
8914-RBTSB,1
1963-VAUKV,0
7217-JYHOQ,1
7657-DYEPJ,1
9372-TXXPS,1
1291-CUOCY,1
1845-CSBRZ,1
6647-ZEDXT,1
9058-HRZSV,1
0988-AADSA,1
8229-TNIQA,0
8050-WYBND,0
9027-YFHQJ,0
6051-PTVNS,0
0621-CXBKL,0
4374-YMUSQ,1
5438-QMDDL,0
3096-IZETN,0
8008-ESFLK,1
5228-EXCET,0
4397-FRLTA,0
6048-NJXHX,0
5982-FPVQN,1
5232-NXPAY,1
5129-JLPIS,1
9497-QCMMS,0
4933-BSAIP,0
4250-FDVOU,0
2924-KHUVI,1
4800-CZMPC,1
3758-CKOQL,1
5574-NXZIU,1
0411-EZJZE,0
2868-SNELZ,0
3359-DSRKA,0
1972-XMUWV,1
2746-DIJLO,0
6568-POCUI,1
7394-FKDNK,1
9114-AAFQH,1
1099-GODLO,0
7826-VVKWT,1
9445-SZLCH,1
2481-SBOYW,0
3251-YMVWZ,0
0319-QZTCO,0
7873-CVMAW,1
9507-HSMMZ,0
2974-GGUXS,1
4702-IOQDC,0
9191-MYQKX,0
5868-CZJDR,0
7325-ENZFI,0
3858-VOBET,0
0988-JRWWP,0
0956-SYCWG,0
0840-DFEZH,0
2979-SXESE,1
1496-GGSUK,0
3266-FTKHB,0
8499-BRXTD,0
5702-SKUOB,0
5804-HYIEZ,1
5482-VXSXJ,1
9137-UIYPG,1
8763-KIAFH,0
6131-IUNXN,0
8063-RJYNF,1
5146-CBVOE,0
0114-IGABW,1
4452-QIIEB,0
2885-HIJDH,1
3370-HXOPH,0
0508-OOLTO,0
5680-LQOGP,1
3192-LNKRK,1
2634-HCZGT,1
5049-MUBWG,1
3538-WZPHD,0
4430-YHXGG,0
7207-RMRDB,1
2150-UWTFY,0
3090-QFUVD,0
3978-YNKDD,0
2181-UAESM,0
9725-SCPZG,0
9578-VRMNM,0
0562-FGDCR,1
3913-FCUUW,1
1936-CZAKF,1
6496-JDSSB,0
7014-ZZXAW,0
2927-QRRQV,1
5156-UMKOW,0
5180-UCIIQ,0
2085-JVGAD,0
2758-RNWXS,1
1310-QRITU,0
5339-TJFEK,1
2484-DGXPZ,0
4316-XCSLJ,0
0641-EVBOJ,0
8966-KZXXA,0
5405-ZMYXQ,0
3810-PJUHR,0
9053-JZFKV,1
5261-QSHQM,0
4373-MAVJG,1
3312-UUMZW,1
2220-IAHLS,0
2428-ZMCTB,0
5175-WLYXL,0
6870-ZWMNX,1
2984-TBYKU,1
3223-DWFIO,0
5753-QQWPW,0
9337-SRRNI,0
8710-YGLWG,0
0404-SWRVG,0
3213-VVOLG,0
6508-NJYRO,0
9286-BHDQG,1
0784-ZQJZX,0
1661-CZBAU,1
4847-QNOKA,0
5294-DMSFH,1
9614-RMGHA,1
5652-MSDEY,0
8869-LIHMK,1
4304-XUMGI,1
7541-YLXCL,1
8878-RYUKI,1
3373-DIUUN,0
9708-KFDBY,0
7931-PXHFC,1
8898-KASCD,0
8984-HPEMB,1
2777-PHDEI,0
3976-HXHCE,0
8149-AIQCG,0
3148-BLQJT,0
7601-DHFWZ,0
4654-DLAMQ,1
2928-HLDBA,0
8232-CTLKO,1
4472-LVYGI,0
1965-AKTSX,0
2070-FNEXE,0
1698-XFZCI,1
0402-OAMEN,0
0640-YJTPY,0
1866-OBPNR,0
3874-EQOEP,0
1641-RQDAY,1
6242-FEGFD,1
4010-YLMVT,1
8544-JNBOX,0
4510-PYUSH,0
3059-NGMXB,1
2545-EBUPK,0
8974-OVACP,0
0923-PNFUB,0
6369-MCAKO,1
9003-CPATH,0
6631-HMANX,1
3512-IZIKN,1
7056-IMHCC,1
7548-SEPYI,1
3137-LUPIX,0
7595-EUIVN,0
7184-LRUUR,0
9140-CZQZZ,1
6551-VLJMV,0
0489-WMEMG,0
8690-ZVLCL,1
1091-SOZGA,1
4283-FUTGF,0
5394-MEITZ,1
2848-YXSMW,0
2511-ALLCS,0
3391-JSQEW,0
4512-ZUIYL,0
5906-CVLHP,1
0277-ORXQS,1
2930-UOTMB,0
7148-XZPHA,1
6857-VWJDT,0
5917-HBSDW,0
4257-GAESD,0
0750-EKNGL,0
6952-OMNWB,1
1767-CJKBA,0
8401-EMUWF,1
6349-JDHQP,0
8591-NXRCV,1
8473-VUVJN,0
9058-CBREO,0
7138-GIRSH,1
4480-QQRHC,0
4312-GVYNH,1
3656-TKRVZ,0
8873-GLDMH,0
1591-NFNLQ,0
9143-CANJF,0
4389-UEFCZ,1
0690-SRQID,0
3587-PMCOY,1
0488-GSLFR,0
7964-VEXDG,0
5307-UVGNB,1
3733-UOCWF,1
5669-SRAIP,0
6980-CDGFC,0
4713-LZDRV,0
4114-QMKVN,1
7508-KBIMB,0
7089-RKVSZ,0
7890-VYYWG,0
3873-WOSBC,0
2833-SLKDQ,0
2983-ZANRP,0
2824-DXNKN,1
5906-BFOZT,0
7706-YLMQA,0
6198-RTPMF,1
1724-BQUHA,0
6821-JPCDC,1
5968-HYJRZ,0
8845-LWKGE,1
7872-RDDLZ,1
4741-WWJQZ,0
1219-NNDDO,0
0361-HJRDX,1
5236-PERKL,1
4971-PUYQO,1
2133-TSRRM,1
2157-MXBJS,1
7241-AJHFS,0
6521-YYTYI,0
1025-FALIX,0
3454-JFUBC,0
8218-FFJDS,1
5203-XEHAX,1
2615-YVMYX,1
4884-LEVMQ,0
4918-QLLIW,0
2378-HTWFW,1
0082-OQIQY,1
3900-AQPHZ,0
2004-OCQXK,0
3324-OIRTO,1
6582-PLFUU,0
0440-MOGPM,1
1809-DMJHQ,0
2065-MMKGR,1
7026-YMSBE,0
5997-OPVFA,1
3920-HIHMQ,0
5019-GQVCR,1
1208-NBVFH,0
0725-CXOTM,1
7975-TZMLR,1
7180-PISOG,0
8624-GIOUT,1
2878-RMWXY,1
0347-UBKUZ,0
7005-CYUIL,1
2025-JKFWI,1
6092-QZVPP,1
6202-JVYEU,0
4720-VSTSI,1
1663-MHLHE,0
5325-UWTWJ,1
4139-DETXS,1
1100-DDVRV,0
2186-QZEYA,0
5366-IJEQJ,0
9670-BPNXF,0
4667-QONEA,1
3721-WKIIL,0
1395-WSWXR,0
1218-VKFPE,0
2984-AFWNC,0
1506-YJTYT,1
0516-WJVXC,0
1075-BGWOH,1
1097-FSPVW,0
9962-BFPDU,0
0524-IAVZO,1
1257-SXUXQ,0
5027-XWQHA,0
2716-GFZOR,1
2674-MLXMN,1
5995-OIGLP,0
4227-OJHAL,1
1757-TCATG,0
6979-ZNSFF,0
1393-IMKZG,0
0727-BMPLR,1
2962-XPMCQ,0
4693-VWVBO,0
5597-GLBUC,0
4813-HQMGZ,0
7752-XUSCI,1
1077-HUUJM,0
2057-BOYKM,1
7945-PRBVF,0
8224-KDLKN,0
2988-PLAHS,0
1015-JPFYW,0
7175-NTIXE,1
7853-WNZSY,0
0913-XWSCN,1
6637-KYRCV,0
2272-QAGFO,0
3460-TJBWI,0
7838-LAZFO,1
5442-BHQNG,0
1459-QNFQT,1
3836-FZSDJ,0
9885-AIBVB,1
1131-QQZEB,0
5014-WUQMG,1
5834-ASPWA,0
1513-XNPPH,1
2834-SPCJV,1
5018-HEKFO,0
6967-QIQRV,1
3863-QSTYI,1
3967-KXAPS,1
0678-RLHVP,1
7928-VJYAB,1
6695-FRVEC,1
9067-YGSCA,0
3452-FLHYD,0
1024-GUALD,0
1298-PHBTI,1
9546-KDTRB,0
4849-PYRLQ,1
8883-ANODQ,1
0003-MKNFE,0
4177-JPDFU,0
0723-DRCLG,0
5734-EJKXG,1
5567-GZKQY,0
5792-JALQC,1
5985-BEHZK,1
9822-BIIGN,1
7021-XSNYE,0
6088-BXMRG,1
5117-ZSMHQ,1
2209-XADXF,0
8058-DMYRU,1
0480-KYJVA,0
1074-AMIOH,1
0186-CAERR,1
6000-UKLWI,0
7446-YPODE,0
9509-MPYOD,0
8065-QBYTO,1
8996-ZROXE,1
9752-ZNQUT,0
7044-YAACC,0
8185-UPYBR,0
5446-DKWYW,1
3627-FHKBK,0
4826-XTSOH,0
1094-BKOSX,1
1373-ORVIZ,0
0843-WTBXE,1
9306-CPCBC,0
4821-SJHJV,1
7940-UQQUG,1
9639-BUJXT,0
4686-UXDML,1
3308-MHOOC,0
3740-RLMVT,1
6386-SZZKH,1
1265-XTECC,1
4789-KWMXN,1
8311-UEUAB,1
4342-HENTK,0
7688-AWMDX,1
1820-DJFPH,0
9220-ZNKJI,1
2541-YGPKE,1
2675-OTVVJ,1
7504-UWHNB,0
0962-CQPWQ,0
0667-NSRGI,1
0030-FNXPP,0
9467-ROOLM,0
2985-JUUBZ,1
0756-MPZRL,0
1400-MMYXY,1
3003-CMDUU,1
1971-DTCZB,1
7587-AOVVU,1
7696-AMHOD,1
1304-NECVQ,0
9546-CQJSU,0
4973-RLZVI,1
6574-MCOEH,1
6357-JJPQT,0
8849-GYOKR,1
4360-PNRQB,0
0196-VULGZ,0
7503-QQRVF,0
1704-NRWYE,0
7605-BDWDC,1
7078-NVFAM,0
0307-BCOPK,0
1722-LDZJS,0
0390-DCFDQ,0
8627-EHGIP,1
5399-ZIMKF,0
5802-ADBRC,1
0254-KCJGT,1
4855-SNKMY,0
6985-HAYWX,0
8220-OCUFY,0
3941-XTSKM,1
3813-DHBBB,1
2087-QAREY,0
4250-WAROZ,1
8741-LQOBK,0
3572-UOLYZ,1
7399-QHBJS,1
7252-NTGSS,0
5474-LAMUQ,0
7989-AWGEH,1
5035-PGZXH,1
7610-TVOPG,0
8495-PRWFH,0
7777-UNYHB,0
3413-CSSTH,0
5514-YQENT,1
7064-JHXCE,0
6586-MYGKD,1
0899-LIIBW,1
3217-FZDMN,0
0436-TWFFZ,1
7176-WIONM,0
0537-QYZZN,0
1686-STUHN,0
9127-FHJBZ,1
7302-ZHMHP,0
1195-OIYEJ,0
2335-GSODA,0
6465-GSRCL,1
5569-KGJHX,0
5619-PTMIK,1
4674-HGNUA,1
4723-BEGSG,1
9489-UTFKA,0
0019-GFNTW,1
6248-TKCQV,1
3154-HMWUU,0
7568-PODML,0
4750-ZRXIU,0
5322-ZSMZY,0
1518-OMDIK,0
9798-OPFEM,0
9361-YNQWJ,0
5469-NUJUR,0
3729-OWRVL,1
9909-IDLEK,1
8967-SZQAS,0
2027-FECZV,1
0298-XACET,1
6122-LJADA,1
9640-ZSLDC,1
4955-VCWBI,0
3798-EPWRR,0
2474-BRUCM,1
2243-FNMMI,0
8286-AFUYI,0
5376-PCKNB,1
8410-BGQXN,0
5144-PQCDZ,0
8659-HDIYE,1
0716-BQNDX,1
3796-ENZGF,1
8752-GHJFU,1
6427-FEFIG,1
5730-RIITO,0
2796-UUZZO,1
8039-EQPIM,1
0707-HOVVN,1
6549-YMFAW,0
1226-UDFZR,0
6347-DCUIK,0
1356-MKYSK,0
0032-PGELS,0
3486-HOOGQ,1
3870-MQAMG,1
2256-YLYLP,1
8070-AAWZP,0
9610-WCESF,0
8268-YDIXR,1
6473-ULUHT,1
9489-JMTTN,1
5433-KYGHE,0
0668-OGMHD,0
1122-YJBCS,1
0701-TJSEF,0
1867-TJHTS,1
8740-CRYFY,0
0177-PXBAT,1
8672-OAUPW,0
9978-HYCIN,1
8166-ZZTFS,1
1228-FZFRV,1
0056-EPFBG,0
9402-CXWPL,1
7607-QKKTJ,1
8329-IBCTI,0
8272-ONJLV,1
0619-OLYUR,1
7562-GSUHK,1
7977-HXJKU,0
4840-ORQXB,1
9170-CCKOU,1
3546-GHEAE,0
0530-IJVDB,1
7110-BDTWG,1
4143-OOBWZ,0
7321-VGNKU,0
9578-FOMUK,0
9178-JHUVJ,0
4628-CTTLA,0
7845-URHJN,0
2890-WFBHU,1
7569-NMZYQ,1
2788-CJQAQ,0
3658-QQJYD,1
8734-FNWVH,0
2560-PPCHE,1
8592-PLTMQ,0
1955-IBMMB,0
1370-GGAWX,1
0277-BKSQP,0
8241-JUIQO,0
0027-KWYKW,0
4393-RYCRE,1
1228-ZLNBX,0
8815-LMFLX,0
3672-YITQD,1
3308-JSGML,1
8205-VSLRB,1
4102-OQUPX,0
7718-UPSKJ,1
1389-CXMLU,0
9544-PYPSJ,1
4860-IJUDE,0
1791-PQHBB,0
9504-YAZWB,0
7794-JASDG,0
7825-ECJRF,1
1379-FRVEB,0
1329-VHWNP,0
0409-WTMPL,1
9496-IVVRP,0
7852-LECYP,1
5338-YHWYT,0
3956-MGXOG,1
5196-WPYOW,1
7853-OETYL,0
4524-QCSSM,0
7967-HYCDE,0
9795-SHUHB,1
1402-PTHGN,0
5868-YWPDW,0
6179-GJPSO,1
6313-GIDIT,1
6331-LWDTQ,0
0939-YAPAF,1
3633-CDBUW,1
0787-LHDYT,0
6625-UTXEW,0
1089-XZWHH,0
9766-HGEDE,0
0224-RLWWD,0
3780-DDGSE,1
5965-GGPRW,1
2154-KVJFF,0
4210-QFJMF,0
6340-DACFT,0
6061-GWWAV,1
4634-JLRJT,0
8792-AOROI,0
2815-CPTUL,0
4199-QHJNM,1
8024-XNAFQ,1
1699-TLDLZ,0
1723-HKXJQ,1
0635-WKOLD,1
3429-IFLEM,1
7242-QZLXF,0
8705-DWKTI,1
8169-SAEJD,1
1173-XZPYF,0
2294-DMMUS,1
0380-NEAVX,1
5384-ZTTWP,0
9199-PWQVC,1
9323-HGFWY,1
1580-BMCMR,1
0603-TPMIB,0
8821-KVZKQ,1
8992-VONJD,0
1153-GNOLC,0
7343-EOBEU,0
5161-UBZXI,1
6537-QLGEX,0
6339-YPSAH,0
5692-ICXLW,1
9931-KGHOA,0
8878-HMWBV,0
1414-YADCW,1
2001-EWBQU,1
5546-BYZSM,0
8573-CGOCC,0
6682-QJDGB,0
4829-ZLJTK,1
0983-TATYJ,0
8160-HOWOX,0
5766-XQXMQ,1
2232-DMLXU,0
9501-UKKNL,1
1066-JKSGK,0
5219-YIPTK,1
9475-NNDGC,1
6664-FPDAC,1
0930-EHUZA,1
5181-OABFK,1
7813-TKCVO,0
1699-UOTXU,1
1548-FEHVL,1
0128-MKWSG,0
4293-ETKAP,1
9788-HNGUT,1
5223-UZAVK,1
7602-MVRMB,1
7219-TLZHO,0
2568-BRGYX,0
8468-EHYJA,1
1452-KIOVK,1
0114-PEGZZ,1
5393-HJZSM,1
5996-NRVXR,1
6683-VLCTZ,1
5832-EXGTT,1
2696-NARTR,0
0848-ZGQIJ,1
5331-RGMTT,1
7632-YUTXB,0
6199-IWKGC,1
3585-ISXZP,0
8085-MSNLK,1
3523-BRGUW,0
7079-QRCBC,1
9480-BQJEI,1
0661-XEYAN,0
4942-VZZOM,1
7853-GVUDZ,0
4000-VGMQP,1
0623-EJQEG,1
7112-OPOTK,0
9281-OFDMF,1
0936-NQLJU,0
3987-KQDDU,0
1498-NHTLT,1
0772-GYEQQ,0
6967-PEJLL,0
3474-BAFSJ,1
8699-ASUFO,0
5442-PPTJY,0
3378-AJRAO,0
3301-VKTGC,1
0625-AFOHS,0
0862-PRCBS,1
9840-DVNDC,0
9225-BZLNZ,1
4578-PHJYZ,1
1010-DIAUQ,0
6202-DYYFX,0
9224-VTYID,1
0133-BMFZO,0
1676-MQAOA,1
6210-KBBPI,0
5515-AKOAJ,1
5481-NTDOH,1
2623-DRYAM,1
2659-VXMWZ,1
7982-VCELR,1
5928-QLDHB,0
7716-YTYHG,1
7614-QVWQL,1
8111-RKSPX,0
5799-JRCZO,0
3794-NFNCH,0
9554-DFKIC,0
6016-LVTJQ,0
8405-IGQFX,1
0899-WZRSD,1
3645-DEYGF,0
8337-MSSXB,0
9099-FTUHS,0
9974-JFBHQ,1
5461-QKNTN,1
8167-GJLRN,0
9412-GHEEC,1
8648-PFRMP,0
2525-GVKQU,0
0406-BPDVR,1
0336-KXKFK,1
1468-DEFNC,0
0215-BQKGS,1
5649-TJHOV,0
1384-RCUXW,0
1541-ETJZO,0
7534-BFESC,0
5357-TZHPP,0
5844-QVTAT,1
1397-XKKWR,0
4118-CEVPF,1
7134-MJPDY,1
6569-KTMDU,0
6736-DHUQI,1
5148-HKFIR,0
0374-IOEGQ,0
0661-KBKPA,1
2482-CZGBB,0
0512-FLFDW,1
6139-ZZRBQ,0
1371-DWPAZ,0
8375-DKEBR,0
6485-QXWWE,0
1223-UNPKS,0
5816-SCGFC,0
6060-DRTNL,0
9163-GHAYE,0
8510-TMWYB,1
6372-RFVNS,0
3647-GMGDH,1
9079-YEXQJ,1
1576-PFZIW,1
8976-OQHGT,0
0388-EOPEX,0
1729-VLAZJ,0
1273-MTETI,0
1206-EHBDD,1
3410-MHHUM,1
3521-SYVOR,1
6595-YGXIT,1
0067-DKWBL,0
3768-NLUBH,1
1915-OAKWD,0
6305-YLBMM,1
5127-BZENZ,1
3045-XETSH,1
0431-APWVY,1
1697-LYYYX,0
2309-OSFEU,0
0519-DRGTI,0
0083-PIVIK,1
6907-FLBER,0
9348-YVOMK,0
8197-BFWVU,1
5756-JYOJT,0
7851-WZEKY,0
0594-UFTUL,0
3162-ZJZFU,1
8166-ORCHU,1
5980-BDHPY,1
1439-LCGVL,0
1307-TVUFB,0
7811-JIVPF,0
3604-WLABM,0
3580-HYCSP,1
5392-AKEMH,0
4423-JWZJN,1
0348-SDKOL,1
8677-HDZEE,1
8237-ULIXL,0
4950-BDEUX,0
2000-MPKCA,1
3518-PZXZQ,0
3074-GQWYX,0
0015-UOCOJ,0
8591-TKMZH,1
2091-GPPIQ,1
8148-WOCMK,0
1009-IRMNA,0
6348-SNFUS,1
9798-DRYDS,0
9734-UYXQI,0
8785-EPNCG,0
5902-WBLSE,0
3307-TLCUD,0
3407-QGWLG,0
8879-XUAHX,1
4929-XIHVW,0
6177-PEVRA,0
2189-WWOEW,0
5747-PMBSQ,1
7876-DNYAP,0
6288-LBEAR,0
4163-KIUHY,0
9667-TKTVZ,0
0601-WZHJF,0
1614-JBEBI,0
8073-IJDCM,0
0266-GMEAO,1
0621-TWIEM,0
2311-QYMUQ,1
2856-NNASM,1
5968-XQIVE,1
4854-CIDCF,0
6693-FRIRW,1
5174-ITUMV,1
2091-MJTFX,0
2404-JIBFC,1
4006-HKYHO,1
8879-ZKJOF,1
6681-ZSEXG,1
7442-YGZFK,0
7632-MNYOY,1
6551-GNYDG,1
8395-ETZKQ,0
4026-SKKHW,0
2809-ILCYT,0
9933-QRGTX,1
5821-MMEIL,0
4646-QZXTF,1
4822-RVYBB,0
3440-JPSCL,1
7124-UGSUR,1
8884-ADFVN,1
6374-NTQLP,1
5947-SGKCL,1
3694-GLTJM,0
7025-WCBNE,0
0842-IWYCP,0
7994-XIRTR,1
5961-VUSRV,0
7542-CYDDM,0
6924-TDGMT,0
4510-HIMLV,0
9253-QXKBE,1
3384-CTMSF,1
7824-PANSQ,1
8535-SFUTN,1
1853-ARAAQ,0
2193-SFWQW,1
1184-PJVDB,0
6980-IMXXE,0
3301-LSLWQ,0
4472-VESGY,1
1734-ZMNTZ,0
9289-LBQVU,1
8364-TRMMK,0
7603-USHJS,0
5055-BRMNE,1
2325-ZUSFD,1
9469-WEJBT,1
4291-HPAXL,0
9124-LHCJQ,0
6563-VNPMN,1
2040-XBAVJ,1
6434-TTGJP,1
7291-CDTMJ,0
1122-JWTJW,0
0929-PECLO,1
3847-BAERP,0
8799-OXZMD,0
0780-XNZFN,0
2898-MRKPI,1
8627-ZYGSZ,1
4615-PIVVU,1
5882-CMAZQ,0
8219-VYBVI,0
3956-CJUST,0
7517-SAWMO,0
9755-JHNMN,1
5231-FIQPA,0
2782-LFZVW,0
4289-DTDKW,1
5089-IFSDP,1
8660-BUETV,0
5356-CSVSQ,0
3161-ONRWK,1
5934-TSSAU,0
4785-NKHCX,0
7599-NTMDP,1
2692-BUCFV,1
2000-DHJUY,1
4501-UYKBC,1
5502-RLUYV,1
0461-CVKMU,1
2169-RRLFW,0
7341-LXCAF,0
9207-ZPANB,1
8481-YYXWG,0
5998-DZLYR,1
4553-DVPZG,1
7560-QRBXH,0
0151-ONTOV,0
9209-NWPGU,1
4881-GQJTW,0
4063-EIKNQ,0
7903-CMPEY,0
1098-KFQEC,0
1194-SPVSP,0
9906-NHHVC,1
9972-EWRJS,0
5760-FXFVO,0
5986-WWXDV,0
4927-WWOOZ,0
6331-EWIEB,0
9625-QSTYE,0
5175-AOBHI,0
3318-NMQXL,0
9019-QVLZD,0
4032-RMHCI,0
6959-GQEGV,1
7182-OVLBJ,1
2038-OEQZH,0
5032-MIYKT,0
9867-NNXLC,0
2519-ERQOJ,0
4176-RELJR,0
5598-IKHQQ,0
5839-SUYVZ,0
6689-VRRTK,1
8910-LEDAG,0
0375-HVGXO,0
9025-ZRPVR,0
1324-NLTJE,0
2967-MXRAV,0
3023-GFLBR,1
9987-LUTYD,0
2346-LOCWC,0
9633-DENPU,0
8565-WUXZU,1
7519-JTWQH,1
5485-WUYWF,0
8348-JLBUG,1
7989-CHGTL,0
4580-TMHJU,0
7328-ZJAJO,0
7938-OUHIO,1
5151-HQRDG,0
9848-JQJTX,1
2454-RPBRZ,1
6303-KFWSL,0
0096-FCPUF,0
2235-ZGKPT,0
1642-HMARX,1
3125-RAHBV,0
3902-MIVLE,1
9060-HJJRW,1
7030-FZTFM,1
7895-VONWT,0
6322-HRPFA,1
7216-KAOID,0
3128-YOVTD,1
9817-APLHW,0
9796-BPKIW,0
5032-USPKF,1
7665-NKLAV,0
2990-OGYTD,1
1980-KXVPM,0
2587-EKXTS,1
1460-UZPRJ,0
8331-ZXFOE,1
8039-ACLPL,1
5360-XGYAZ,1
0455-ENTCR,1
5393-RXQSZ,0
8043-PNYSD,0
1818-ESQMW,1
2609-IAICY,0
4291-SHSBH,0
1086-LXKFY,0
4191-XOVOM,1
8676-OOQEJ,0
2387-KDZQY,0
3654-ARMGP,1
6861-OKBCE,0
5729-KLZAR,0
1897-OKVMW,1
2587-YNLES,0
3963-RYFNS,1
8413-YNHNV,1
6469-QJKZW,0
0378-CJKPV,1
8561-NMTBD,1
8887-IPQNC,0
4612-SSVHJ,0
8450-JOVAH,0
1853-UDXBW,0
8174-TBVCF,1
3716-LRGXK,1
8766-PAFNE,1
4654-GGUII,0
2506-TNFCO,0
9530-GRMJG,1
4201-JMNGR,0
3841-CONLJ,0
3419-SNJJD,1
8639-NHQEI,1
2037-SGXHH,1
6598-RFFVI,0
8080-DDEMJ,0
2027-WKXMW,1
2321-OMBXY,1
1599-MMYRQ,1
1834-ABKHQ,0
6919-ELBGL,1
4906-ZHGPK,1
0356-ERHVT,0
6856-RAURS,0
5055-MGMGF,1
6905-NIQIN,0
9364-YKUVW,0
1345-ZUKID,0
6234-PFPXL,1
1930-QPBVZ,1
2604-IJPDU,1
8456-QDAVC,0
4325-NFSKC,0
6629-LADHQ,0
4007-NHVHI,1
6838-HVLXG,0
7649-SIJJF,1
6891-JPYFF,1
3754-DXMRT,0
5630-AHZIL,0
2483-XSSMZ,0
5955-ERIHD,1
7340-KEFQE,0
8071-SBTRN,1
0975-VOOVL,0
6874-SGLHU,1
1334-PDUKM,1
9000-PLFUZ,1
2144-ESWKO,0
5857-TYBCJ,1
6242-MBHPK,1
4418-LZMSV,0
4086-WITJG,0
4565-NLZBV,0
7691-KGKGP,1
1114-CENIM,0
4833-QTJNO,1
5143-WMWOG,0
2805-EDJPQ,1
2960-NKRSO,1
7299-GNVPL,1
4525-VZCZG,1
3387-VATUS,0
3884-HCSWG,0
2144-BFDSO,1
4547-FZJWE,1
7593-JNWRU,0
3027-ZTDHO,0
5854-KSRBJ,0
8454-AATJP,1
7524-VRLPL,1
0156-FVPTA,0
7426-WEIJX,1
4160-AMJTL,0
4115-UMJFQ,0
0877-SDMBN,1
3957-HHLMR,1
3644-QXEHN,1
9689-PTNPG,0
7356-IWLFW,1
8823-RLPWL,1
9107-UKCKY,1
3705-PSNGL,0
8294-UIMBA,1
7163-OCEQI,1
2798-NYLMZ,1
8215-NGSPE,0
3704-IEAXF,1
9837-BMCLM,0
4873-ILOLJ,1
0572-ZJKLT,1
6599-GZWCM,0
1929-ZCBHE,0
9031-ZVQPT,1
2202-OUTMO,0
2466-FCCPT,0
6595-COKXZ,0
9959-WOFKT,1
4672-FOTSD,0
0587-DMGBH,0
9282-IZGQK,0
7036-ZZKBD,1
7156-MHUGY,0
8756-RDDLT,1
0818-OCPZO,0
6416-YJTTB,0
1150-FTQGN,1
2632-TACXW,0
4804-NCPET,0
5651-YLPRD,1
3503-TYDAY,1
4869-EPIUS,1
9822-OAOVB,0
2640-LYMOV,0
2211-RMNHO,1
9066-QRSDU,0
2075-RMJIK,0
7421-ZLUPA,0
7314-OXENN,0
3066-RRJIO,0
7629-WFGLW,1
5678-VFNEQ,1
5913-INRQV,1
7047-FWEYA,1
3815-SLMEF,0
3417-TSCIC,0
4603-JANFB,0
5178-LMXOP,0
5447-VYTKW,0
5229-PRWKT,0
7966-YOTQW,0
8450-LUGUK,0
0875-CABNR,0
2458-EOMRE,0
2959-MJHIC,0
1125-SNVCK,0
3137-NYQQI,1
2233-TXSIU,0
8191-XWSZG,0
2250-IVBWA,1
8874-EJNSR,0
5366-OBVMR,0
8873-TMKGR,0
9052-DHNKM,0
7547-EKNFS,1
3982-XWFZQ,0
1492-KGETH,1
1465-WCZVT,0
7446-KQISO,1
4592-IWTJI,0
7538-GWHML,0
6152-ONASV,1
5857-XRECV,0
7225-IILWY,0
9618-LFJRU,0
6728-WYQBC,0
0369-ZGOVK,0
6172-FECYY,1
7714-YXSMB,1
5020-ZSTTY,1
2514-GINMM,0
7129-ACFOG,0
8999-EXMNO,0
6120-RJKLU,1
7048-GXDAY,1
1567-DSCIC,0
6729-GDNGC,0
4431-EDMIQ,1
6023-GSSXW,1
8917-SZTTJ,0
5027-YOCXN,1
3896-ZVNET,0
3545-CNWRG,1
2080-GKCWQ,0
4767-HZZHQ,1
8571-ZCMCX,1
6229-LSCKB,0
3143-JQEGI,1
9646-NMHXE,0
2034-CGRHZ,1
2189-UXTKY,1
4381-MHQDC,1
9103-TCIHJ,0
6635-CPNUN,1
5198-EFNBM,1
6100-FJZDG,0
7041-TXQJH,0
0727-IWKVK,0
6876-ADESB,0
7105-MXJLL,0
4495-LHSSK,0
6137-NICCO,1
0581-MDMPW,1
7677-SJJJK,0
9722-UJOJR,0
2669-QVCRG,0
0794-YVSGE,0
5226-NOZFC,1
4567-AKPIA,1
7963-GQRMY,0
7658-UYUQS,0
0742-LAFQK,1
7472-EQOAV,1
4913-EHYUI,1
6712-OAWRH,1
9305-CDSKC,1
6128-DAFVY,0
6986-IXNDM,1
5804-LEPIM,0
6240-EURKS,0
1215-FIGMP,1
5537-UXXVS,0
7776-QWNFX,0
5778-BVOFB,0
5214-NLTIT,1
4797-AXPXK,0
3387-PLKUI,0
9600-UDOPK,1
2873-ZLIWT,1
6698-OXETB,0
9603-OAIHC,0
6296-DDOOR,0
1875-QIVME,1
4412-YLTKF,0
7206-PQBBZ,0
3148-AOIQT,0
8421-WZOOW,1
1236-WFCDV,0
8885-QSQBX,0
7511-YMXVQ,0
8466-PZBLH,1
2346-DJQTB,0
6161-ERDGD,1
8062-YBDOE,0
6479-SZPLM,0
0048-LUMLS,1
0187-WZNAB,0
0257-KXZGU,1
6823-SIDFQ,0
4719-UMSIY,0
1559-DTODC,0
4584-LBNMK,0
3340-QBBFM,1
9714-EDSUC,1
3680-CTHUH,1
4541-RMRLG,0
4628-WQCQQ,1
6410-LEFEN,0
1325-USMEC,1
4391-RESHN,1
0376-OIWME,1
9867-XOBQA,0
8450-UYIBU,0
3507-GASNP,0
7480-QNVZJ,1
2868-MZAGQ,0
6904-JLBGY,1
0602-DDUML,1
4280-DLSHD,0
6734-GMPVK,1
2320-SLKMB,0
3778-FOAQW,0
9339-FIIJL,1
2868-LLSKM,1
5161-XEUVX,1
5898-IGSLP,1
2969-VAPYH,1
6175-IRFIT,0
3244-CQPHU,1
9274-CNFMO,0
2017-CCBLH,0
1730-VFMWO,0
0115-TFERT,1
6439-PKTRR,1
6257-DTAYD,1
7284-ZZLOH,0
9773-PEQBZ,0
2697-NQBPF,1
1641-BYBTK,0
5196-SGOAK,0
6837-HAEVO,1
7321-KKSDU,0
2320-JRSDE,0
1689-MRZQR,0
8735-IJJEG,0
5186-EJEGL,0
0916-QOFDP,1
2038-LLMLM,1
5577-OTWWW,0
6198-ZFIOJ,0
0644-OQMDK,0
9330-IJWIO,1
3365-SAIGS,0
5624-RYAMH,0
0979-PHULV,1
3167-SNQPL,1
4821-WQOYN,0
6732-FZUGP,1
4501-EQDRN,0
4328-VUFWD,0
9137-NOQKA,0
1016-DJTSV,0
1571-SAVHK,1
4349-GFQHK,0
3345-JHUEO,0
9964-WBQDJ,0
4897-QSUYC,0
7563-BIUPC,0
8060-HIWJJ,1
3450-WXOAT,0
3537-HPKQT,1
5993-BQHEA,0
0771-WLCLA,1
7359-SSBJK,1
6584-VQMYT,0
7787-BNTZM,0
3530-VWVGU,0
2668-TZSPS,0
2460-FPSYH,1
2434-EEVDB,1
2096-XOTMO,0
2294-SALNE,1
7054-ENNGU,0
6900-PXRMS,1
3855-ONCAR,0
3318-OSATS,1
0147-ESWWR,1
7389-KBFIT,0
3422-WJOYD,0
1751-NCDLI,1
6563-VRERX,0
1465-VINDH,1
2692-PFYTJ,0
3703-TTEPD,0
8992-OBVDG,0
4443-EMBNA,0
8205-OTCHB,0
0595-ITUDF,1
0958-YHXGP,0
9919-KNPOO,1
6215-NQCPY,1
0257-ZESQC,0
1710-RCXUS,1
2740-TVLFN,0
0238-WHBIQ,1
2761-XECQW,0
2351-RRBUE,0
2055-BFOCC,1
9530-EHPOH,0
1501-SGHBW,0
7422-WNBTY,1
4109-CYRBD,0
6344-SFJVH,0
9254-RBFON,1
8869-TORSS,1
5759-RCVCB,0
8630-FJLIB,0
9867-JCZSP,0
6087-YPWHO,1
6258-NGCNG,0
7488-MXJIV,0
0536-BGFMZ,0
9108-EJFJP,0
3327-YBAKM,1
8708-XPXHZ,1
7601-GNDYK,0
4795-KTRTH,0
9500-IWPXQ,1
7801-CEDNV,0
7198-GLXTC,0
8118-TJAFG,1
0885-HMGPY,1
9786-YWNHU,1
0248-IPDFW,0
6253-WRFHY,0
0278-YXOOG,0
2987-BJXIK,1
9526-JAWYF,1
7647-GYYKX,0
5774-QPLTF,0
9251-AWQGT,0
9537-JALFH,0
1488-PBLJN,1
0895-DQHEW,1
2589-AYCRP,0
2506-CLAKW,1
2664-XJZNO,1
6297-NOOPG,1
4282-MSACW,1
6893-ODYYE,1
7825-GKXMW,0
7169-YWAMK,1
9069-LGEUL,0
0357-NVCRI,0
4937-QPZPO,1
1320-HTRDR,0
6188-UXBBR,0
6504-VBLFL,1
0907-HQNTS,1
1744-JHKYS,0
9924-JPRMC,1
5188-HGMLP,1
3174-RKMOW,1
7551-DACSP,0
1952-DVVSW,0
9108-EQPNQ,0
0754-UKWQP,0
8548-AWOFC,1
1471-GIQKQ,0
6383-ZTSIW,1
2550-QHZGP,0
4816-JBHOV,0
7153-CHRBV,1
5204-HMGYF,1
8780-YRMTT,1
8610-WFCJF,1
0689-DSXGL,1
4872-JCVCA,1
5895-QSXOD,0
2430-USGXP,1
2636-SJDOU,1
4573-JKNAE,0
1396-QWFBJ,0
6711-VTNRE,1
3996-ZNWYK,0
7622-FWGEW,1
5448-VWNAM,0
6650-VJONK,0
4090-KPJIP,0
3793-MMFUH,1
1841-YSJGV,1
0960-HUWBM,1
9367-TCUYN,0
8189-HBVRW,1
5148-ORICT,1
6075-QMNRR,0
4223-BKEOR,0
1342-JPNKI,0
1705-GUHPV,0
8155-IBNHG,0
9702-AIUJO,0
4884-ZTHVF,0
6741-QRLUP,1
5320-BRKGK,1
1452-VOQCH,0
0564-JJHGS,0
2361-UPSND,1
6910-HADCM,0
8325-QRPZR,0
4695-WJZUE,0
3590-TCXTB,0
4195-SMMNX,0
9720-JJJOR,1
2842-BCQGE,0
6371-NZYEG,0
1550-LOAHA,1
3401-URHDA,0
1209-VFFOC,1
6996-KNSML,0
7799-DSEWS,0
9388-ZEYVT,0
7206-GZCDC,0
4560-WQAQW,1
4547-LYTDD,0
8033-ATFAS,1
5240-IJOQT,0
9492-TOKRI,0
6922-NCEDI,0
7089-IVVAZ,1
0578-SKVMF,1
6379-RXJRQ,0
0820-FNRNX,0
7379-POKDZ,0
6244-BESBM,1
9845-PEEKO,1
9945-PSVIP,0
8818-XYFCQ,1
8384-FZBJK,1
3348-CFRNX,1
8788-DOXSU,1
6008-NAIXK,1
7929-DMBCV,0
9355-NPPFS,0
2969-QWUBZ,0
6828-HMKWP,0
0969-RGKCU,0
7073-QETQY,0
8590-OHDIW,0
4737-AQCPU,1
7854-EKTJL,0
8782-LKFPK,1
5884-FBCTL,0
8000-REIQB,0
1866-NXPSP,1
8091-TTVAX,1
0475-RIJEP,1
7797-EJMDP,0
1608-GMEWB,1
3948-XHGNA,0
9972-VAFJJ,1
5149-CUZUJ,1
9805-FILKB,0
8249-THVEC,0
5351-QESIO,0
2468-SJFLM,0
2830-LEWOA,1
2386-OWURY,1
0310-VQXAM,0
4616-ULAOA,1
8084-OIVBS,0
2578-JQPHZ,1
5945-AZYHT,1
1045-LTCYT,0
3571-RFHAR,1
0963-ZBDRN,1
2262-SLNVK,0
6457-GIRWB,0
9929-PLVPA,0
9801-GDWGV,1
7925-PNRGI,1
1208-DNHLN,0
1456-TWCGB,0
8884-FEEWR,0
7233-PAHHL,1
2230-XTUWL,0
8327-WKMIE,0
5429-LWCMV,0
1569-TTNYJ,0
4526-EXKKN,0
2676-OXPPQ,0
1894-IGFSG,1
0880-TKATG,1
3750-YHRYO,0
4627-MIHJH,1
5917-RYRMG,0
9231-ZJYAM,0
9367-OIUXP,0
4939-KYYPY,0
0265-PSUAE,1
4277-PVRAN,0
8670-ERCJH,1
4959-JOSRX,0
5473-KHBPS,1
5443-SCMKX,1
4566-NECEV,0
2612-RRIDN,0
4710-NKCAW,0
4749-OJKQU,0
7695-PKLCZ,0
4295-YURET,1
5740-YHGTW,1
4707-MAXGU,0
2842-JTCCU,0
3094-JOJAI,0
8780-IHCRN,0
5614-DNZCE,1
6733-LRIZX,1
2302-OUZXB,1
5954-BDFSG,1
2667-WYLWJ,0
1925-TIBLE,0
9821-POOTN,0
6135-OZQVA,0
9947-OTFQU,0
0883-EIBTI,0
2995-UPRYS,1
2360-RDGRO,1
3640-JQGJG,0
6032-KRXXO,1
4915-BFSXL,1
4154-AQUGT,1
6266-QHOJZ,1
2120-SMPEX,0
3062-ICYZQ,1
5186-SAMNZ,0
1053-MXTTK,1
4531-AUZNK,1
5716-EZXZN,1
0485-ZBSLN,0
7766-CLTIC,0
1816-FLZDK,0
2811-POVEX,1
5707-ZMDJP,1
2498-XLDZR,1
6688-UZPWD,1
8780-RSYYU,0
5356-KZCKT,0
3669-OYSJI,0
3393-FMZPV,1
0013-EXCHZ,0
8665-UTDHZ,0
9926-PJHDQ,1
9142-KZXOP,0
3594-KADLU,0
7315-WYOAW,1
6804-GDMOI,1
7941-RCJOW,0
5014-GSOUQ,0
4765-OXPPD,0
3071-VBYPO,0
7016-BPGEU,0
5906-DVAPM,1
1545-ACTAS,1
5071-FBJFS,0
4751-ERMAN,1
5044-XDPYX,0
6773-LQTVT,0
7558-IMLMT,0
6559-RAKOZ,1
0584-BJQGZ,1
7926-IJOOU,0
7134-HBPBS,1
2265-CYWIV,0
7017-VFHAY,1
9424-CMPOG,0
9101-BWFSS,1
9957-YODKZ,0
3528-HFRIQ,1
3669-LVWZB,0
8519-IMDHU,0
5570-PTWEH,0
0323-XWWTN,0
4911-BANWH,0
9885-CSMWE,0
8944-AILEF,0
3272-VUHPV,0
3597-YASZG,1
4343-EJVQB,0
8461-EFQYM,0
9888-ZCUMM,1
8780-IXSTS,0
5047-LHVLY,0
5365-LLFYV,0
7234-KMNRQ,0
7783-YKGDV,1
6806-YDEUL,0
8496-EJAUI,0
0442-ZXKVS,1
8387-MOJJT,1
8722-NGNBH,0
4452-ROHMO,0
1442-BQPVU,0
6156-UZDLF,1
3935-TBRZZ,0
2325-WINES,1
1084-UQCHV,0
7727-SHVZV,0
2180-DXNEG,1
3106-ULWFW,0
0345-XMMUG,1
6621-NRZAK,0
5840-NVDCG,1
7356-AYNJP,0
2272-JKMSI,1
3791-LGQCY,1
0786-VSSUD,0
9374-YOLBJ,0
5451-YHYPW,1
6075-SLNIL,1
6121-TNHBO,1
2368-GAKKQ,1
4385-ZKVNW,1
5025-GOOKI,0
3027-YNWZU,0
1552-TKMXS,0
2159-TURXX,0
4072-IPYLT,0
4909-JOUPP,1
3692-JHONH,1
4815-YOSUK,1
4701-LKOZD,1
0220-EBGCE,0
8984-EYLLL,1
6497-TILVL,0
2049-BAFNW,0
5419-CONWX,1
9552-TGUZV,0
1761-AEZZR,0
5542-TBBWB,0
5018-LXQQG,1
5590-ZSKRV,0
6899-PPEEA,1
9152-AMKAK,1
3707-GNWHM,0
3247-MHJKM,0
2371-KFUOG,1
5989-AXPUC,1
6719-FGEDO,1
3070-FNFZQ,0
4070-OKWVH,1
3334-CTHOL,0
1564-HJUVY,0
3523-QRQLL,1
8646-JCOMS,1
2790-XUYMV,1
1354-YZFNB,0
8063-GBATB,1
6339-RZCBJ,1
4981-FLTMF,1
6281-FKEWS,1
1043-UXOVO,1
6621-YOBKI,0
6328-ZPBGN,0
9715-SBVSU,0
3170-GWYKC,1
7244-KXYZN,0
7529-ZDFXI,1
2748-MYRVK,1
1963-SVUCV,0
5673-TIYIB,0
1839-UMACK,0
4800-VHZKI,0
5842-POCOP,1
0626-QXNGV,0
5726-CVNYA,0
6119-SPUDB,0
5549-ZGHFB,0
4121-AGSIN,0
4686-GEFRM,1
0236-HFWSV,1
5199-FPUSP,0
2263-SFSQZ,0
2378-VTKDH,1
6890-PFRQX,0
4999-IEZLT,0
9522-ZSINC,0
9529-OFXHY,0
2027-CWDNU,1
8106-GWQOK,1
1049-FYSYG,0
8515-OCTJS,0
9348-ROUAI,1
6941-PMGEP,0
8490-BXHEO,0
5846-NEQVZ,1
7771-CFQRQ,1
4585-HETAI,0
3887-PBQAO,0
1891-FZYSA,1
6908-VVYHM,1
0479-HMSWA,1
8642-GVWRF,0
7872-BAAZR,0
2883-ILGWO,1
8969-PRHFK,0
2522-WLNSF,1
4236-XPXAV,1
1602-IJQQE,0
0222-CNVPT,1
7188-CBBBA,1
5348-CAGXB,0
9711-FJTBX,1
2002-MZHWP,0
2519-LBNQL,1
8637-XJIVR,0
5150-ITWWB,0
3934-HXCFZ,1
5135-GRQJV,1
5787-KXGIY,0
7526-IVLYU,0
9026-LHEVG,0
5167-ZFFMM,0
7776-QGYJC,1
2599-CZABP,0
6546-OPBBH,0
7531-GQHME,0
1769-GRUIK,0
2361-FJWNO,0
9576-SYUHJ,1
4476-OSWTN,1
9013-AQORL,1
5712-AHQNN,1
1820-TQVEV,0
0363-SVHYR,1
5651-CPDND,0
9053-EJUNL,1
3404-JNXAX,1
4795-WRNVT,0
9831-BPFRI,1
9769-TSBZE,1
9620-QJREV,0
8087-LGYHQ,1
2904-GGUAZ,1
4468-KAZHE,0
0704-VCUMB,0
5651-WYIPH,0
9279-CJEOJ,1
6029-WTIPC,1
9308-ANMVE,0
3806-YAZOV,0
4023-RTIQM,1
1285-OKIPP,0
8559-CIZFV,0
0383-CLDDA,1
6518-KZXCB,0
6614-FHDBO,1
4248-HCETZ,0
0396-YCHWO,1
5656-MJEFC,1
6598-KELSS,0
2061-VVFST,0
4132-KALRO,0
2273-QCKXA,0
6557-BZXLQ,0
9764-REAFF,0
3038-PQIUY,0
8963-JLGJT,0
8345-MVDYC,1
7495-OOKFY,0
9135-MGVPY,1
7096-ZNBZI,0
8838-GPHZP,0
3707-LRWZD,0
2511-MORQY,0
5293-WXJAK,1
7883-ROJOC,0
0835-JKADZ,1
4537-DKTAL,0
3354-OADJP,0
6418-HNFED,1
4702-HDRKD,1
8908-SLFCJ,0
1349-WXNGG,0
2662-NNTDK,0
3282-ZISZV,1
1241-EZFMJ,0
8510-BBWMU,0
9742-XOKTS,1
6608-QQLVK,0
7074-STDCN,0
9342-VNIMQ,0
2908-WGAXL,0
4690-PKDQG,1
2791-SFVEW,0
6614-YOLAC,1
4329-YPDDQ,1
7876-AEHIG,1
4671-VJLCL,1
9136-ALYBR,0
4077-HWUYD,1
9371-BITHB,0
6867-ACCZI,1
6365-MTGZX,1
4785-FCIFB,0
7969-FFOWG,0
9701-CDXHR,0
9122-UMROB,0
2233-FAGXV,0
2165-VOEGB,1
1656-DRSMG,1
1230-QAJDW,0
8042-JVNFH,0
9391-TTOYH,0
2453-SAFNS,1
5519-NPHVG,0
2907-ILJBN,0
4735-BJKOU,0
0743-HRVFF,1
4657-FWVFY,1
1919-RTPQD,0
3943-KDREE,0
2978-XXSOG,0
4480-MBMLB,1
4763-PGDPO,0
4138-NAXED,1
1355-KUSBG,0
1763-KUAAW,0
1977-STDKI,0
3683-QKIUE,0
4039-PIMHX,0
6994-KERXL,0
7384-GHBPI,0
0481-SUMCB,1
7952-OBOYL,0
1163-VIPRI,1
7407-SUJIZ,0
6693-DJWTY,0
5924-SNGKP,0
5016-IBERQ,1
0666-UXTJO,1
2446-ZKVAF,0
5899-MQZZL,0
1796-JANOW,0
0082-LDZUE,0
0734-OXWBT,0
5301-GAUUY,0
3097-PYWXL,0
5846-QFDFI,1
4548-SDBKE,0
8544-GOQSH,0
4661-NJEUX,0
9360-OMDZZ,1
3719-TDVQB,0
5171-EPLKN,0
0661-KQHNK,0
1254-IZEYF,1
6848-YLDFR,1
0322-CHQRU,0
6579-JPICP,0
4468-YDOVK,0
7625-XCQRH,0
9470-YFUYI,1
4808-YNLEU,0
3694-DELSO,0
1024-VRZHF,0
4232-JGKIY,0
6877-TJMBR,0
1183-CANVH,0
1784-EZDKJ,1
8309-PPCED,1
1051-EQPZR,0
0810-DHDBD,1
3655-SNQYZ,1
4332-MUOEZ,1
5389-FFVKB,1
7133-VBDCG,0
7841-TZDMQ,0
5960-WPXQM,0
1227-UDMZR,1
3970-XGJDU,0
4231-LZUYM,0
5886-VLQVU,1
3733-LSYCE,0
7767-UXAGJ,0
6917-IAYHD,0
3280-MRDOF,0
6457-USBER,0
9357-UJRUN,0
9572-MTILT,1
7450-NWRTR,1
4283-IVYCI,0
2867-UIMSS,0
7803-XOCCZ,1
7615-ESMYF,0
6614-VBEGU,1
4718-WXBGI,1
3108-PCCGG,1
9057-SIHCH,0
3752-CQSJI,0
0354-VXMJC,0
9800-ONTFE,0
3665-JATSN,0
2067-QYTCF,1
8563-IIOXK,0
3212-KXOCR,0
0637-YLETY,1
3957-LXOLK,1
1116-DXXDF,1
5795-BKOYE,1
1536-HBSWP,0
5360-LJCNJ,1
9541-ZPSEA,1
7209-JCUDS,1
2150-WLKUW,1
2753-JMMCV,1
7674-YTAFD,1
9824-BEMCV,0
2364-UFROM,1
5345-BMKWB,0
3192-NQECA,1
2081-KJSQF,0
2439-LYPMQ,1
6250-CGGUN,1
9084-OAYKL,0
6124-ACRHJ,0
5915-ANOEI,1
3726-TBHQT,1
6942-LBFDP,0
8812-ZRHFP,1
3138-BKYAV,0
6762-NSODU,0
4211-MMAZN,0
0308-IVGOK,0
1304-BCCFO,0
0788-DXBFY,0
7248-VZQLC,1
7623-TRNQN,0
8563-OYMQY,1
3400-ESFUW,1
0748-RDGGM,1
6416-JNVRK,0
8727-XDPUD,0
6821-BUXUX,0
8280-MQRQN,0
7267-FRMJW,0
6894-LFHLY,0
1106-HRLKZ,0
8290-YWKHZ,1
3930-ZGWVE,0
7089-XXAYG,0
4640-UHDOS,0
1346-UFHAX,0
6437-UDQJM,1
2115-BFTIW,0
1494-EJZDW,0
1766-GKNMI,1
8755-IWJHN,1
8961-QDZZJ,1
2636-OHFMN,0
3955-JBZZM,0
9158-VCTQB,1
6719-OXYBR,0
1837-YQUCE,1
1328-EUZHC,0
3398-FSHON,0
3714-JTVOV,0
9927-DSWDF,1
2754-XBHTB,0
5248-YGIJN,1
3298-QEICA,0
0234-TEVTT,1
6581-NQCBA,0
3717-FDJFU,0
9050-QLROH,1
7153-OANIO,0
1960-UYCNN,1
4694-PHWFW,0
6651-AZVTJ,1
4846-WHAFZ,0
1498-DQNRX,0
3926-YZVVX,0
4324-AHJKS,0
1447-GIQMR,0
9873-MNDKV,0
2316-ESMLS,0
2580-ASVVY,0
5760-WRAHC,1
4065-JJAVA,0
1156-ZFYDO,0
3034-ZBEQN,0
3050-RLLXC,1
7240-FQLHE,1
7831-QGOXH,0
2538-OIMXF,0
4957-SREEC,0
1047-RNXZV,0
6180-YBIQI,0
5294-CDGWY,1
5057-LCOUI,0
7976-CICYS,0
8267-KFGYD,0
7721-DVEKZ,0
7426-RHZGU,1
2330-PQGDQ,1
0052-YNYOT,0
1965-DDBWU,0
7463-IFMQU,0
8097-VBQTZ,1
3992-YWPKO,1
9574-BOSMD,0
8292-ITGYJ,0
0412-UCCNP,1
4641-FROLU,0
1088-CNNKB,1
5383-MMTWC,0
8086-OVPWV,0
1098-TDVUQ,0
5027-QPKTE,0
4546-FOKWR,0
9750-BOOHV,0
7927-AUXBZ,0
5811-IWXYM,1
8605-ITULD,0
9432-RUVSL,1
5451-MHQOF,0
0420-HLGXF,1
3580-GICBM,0
8034-RYTVV,1
0230-UBYPQ,0
9540-JYROE,0
6776-TLWOI,0
3130-ICDUP,0
0970-ETWGE,0
8017-UVSZU,0
4188-FRABG,1
2929-ERCFZ,1
5108-ADXWO,0
8035-BUYVG,0
0784-GTUUK,0
6518-LGAOV,1
8663-UPDGF,0
4847-TAJYI,0
8714-EUHJO,1
4710-FDUIZ,1
0617-FHSGK,0
4826-TZEVA,0
6656-JWRQX,0
8178-EYZUO,1
0825-CPPQH,0
8606-OEGQZ,0
2013-SGDXK,0
6439-GTPCA,1
5298-GSTLM,1
2828-SLQPF,0
7404-JLKQG,0
3870-SPZSI,1
7470-DYNOE,1
6754-LZUKA,1
7396-VJUZB,0
1657-DYMBM,0
2800-VEQXM,0
1555-DJEQW,1
8051-HJRLT,0
3244-DCJWY,0
0623-GDISB,0
5201-FRKKS,0
7730-IUTDZ,0
1814-DKOLC,0
1792-UXAFY,1
5063-IUOKK,0
0567-GGCAC,0
3372-CDXFJ,0
6538-POCHL,0
7964-YESJC,0
7410-OIEDU,0
9314-IJWSQ,0
0848-SOMKO,1
9495-SKLKD,1
9555-SAHUZ,0
8857-CUPFQ,0
2410-CIYFZ,0
5472-CVMDX,0
2977-CEBSX,1
6013-BHCAW,1
8739-XNIKG,0
4647-MUZON,1
6288-CHQJB,1
4307-KTUMW,1
4572-DVCGN,0
0533-BNWKF,1
0702-PGIBZ,1
6645-MXQJT,1
1544-JJMYL,1
0308-GIQJT,1
1535-VTJOQ,0
5539-HIVAK,0
7707-PYBBH,1
7876-BEUTG,0
5781-BKHOP,1
5067-XJQFU,1
4146-SVFUD,0
7349-ALMUX,1
1196-AMORA,0
3451-VAWLI,0
3533-UVMOM,1
4660-IRIBM,1
1574-DYCWE,0
4587-NUKOX,0
2240-HSJQD,0
4983-CCWMC,0
9309-BZGNT,0
3733-ZEECP,0
2621-UDNLU,0
0617-AQNWT,1
4737-HOBAX,1
3279-DYZQM,0
1767-TGTKO,0
5813-UECBU,1
0549-CYCQN,1
9036-CSKBW,1
3774-VBNXY,0
0224-NIJLP,0
5373-SFODM,1
3320-VEOYC,1
9518-XXBXE,0
0924-BJCRC,1
4742-TXUEX,0
1038-RQOST,0
5743-KHMNA,0
9117-SHLZX,0
7279-NMVJC,0
0201-MIBOL,1
8441-SHIPE,0
2257-BOVXD,0
5061-PBXFW,1
7055-HNEOJ,0
2277-DJJDL,1
6233-HXJMX,1
9378-FXTIZ,1
2968-SSGAA,1
7109-MFBYV,0
5028-HTLJB,0
7916-VCCPB,0
9779-DPNEJ,1
2592-HODOV,0
8207-DMRVL,1
1930-WNXSB,1
2378-YIZKA,1
1555-HAPSU,0
1582-RAFML,0
1777-JYQPJ,0
2171-UDMFD,0
4450-DLLMH,0
2955-BJZHG,0
0822-GAVAP,0
7636-OWBPG,0
3519-ZKXGG,0
6727-IOTLZ,1
8562-GHPPI,0
0953-LGOVU,0
8058-INTPH,0
0529-ONKER,0
6050-FFXES,1
6741-EGCBI,1
8800-ZKRFW,1
2176-OSJUV,1
6164-HXUGH,0
6705-LXORM,0
5859-HZYLF,0
3766-EJLFL,1
3858-XHYJO,1
7008-LZVOZ,0
7521-YXVZY,0
9681-OXGVC,1
4282-ACRXS,0
2851-STERV,1
4489-SNOJF,1
4203-QGNZA,0
8150-QUDFX,0
0419-YAAPX,1
8388-DMKAE,0
2824-MYYBN,1
5565-FILXA,0
0093-XWZFY,1
4369-HTUIF,0
8806-EAGWC,0
6651-RLGGM,0
5117-IFGPS,1
0017-IUDMW,1
3977-QCRSL,0
5583-SXDAG,0
3096-YXENJ,1
5066-GFJMM,0
8096-LOIST,0
2372-HWUHI,0
5049-GLYVG,0
8807-OPMBM,0
1073-XXCZD,0
9039-RBEEE,0
6134-KWTBV,0
0670-KDOMA,0
3439-GVUSX,0
9944-AEXBM,1
6506-EYCNH,0
1852-XEMDW,0
5671-RQRLP,1
2845-KDHVX,1
4290-BSXUX,0
5499-ECUTN,1
5816-JMLGY,1
4652-ODEVH,0
5590-YRFJT,0
1346-PJWTK,1
4361-FEBGN,0
7951-VRDVK,1
1670-SVOWZ,1
8212-DJRCH,1
2160-GPFXD,1
5480-HPRRX,0
1832-PEUTS,1
8161-QYMTT,0
6961-VCPMC,1
3550-SAHFP,1
2911-UREFD,1
3096-JRDSO,1
6103-BOCOU,0
8263-OKETD,0
8182-BJDSI,1
9512-PHSMG,0
9351-LZYGF,1
0237-YFUTL,1
8414-MYSHR,0
1813-JLKWR,0
9474-PHLYD,0
6652-YFFJO,0
5762-TJXGK,1
6725-TPKJO,0
2651-ZCBXV,1
3737-GCSPV,1
5498-IBWPI,1
7814-LEEVE,0
2710-WYVXG,0
3865-ZYKAD,1
8760-ZRHKE,1
4130-MZLCC,0
7245-NIIWQ,0
6358-LYNGM,0
3946-JEWRQ,1
5995-WWKKG,0
0533-UCAAU,1
3039-MJSLN,0
3211-AAPKX,1
3761-FLYZI,1
8774-GSBUN,0
3458-IDMFK,0
1618-CFHME,0
1696-MZVAU,0
8132-YPVBX,0
5168-MSWXT,1
6711-FLDFB,0
8374-XGEJJ,1
9839-ETQOE,0
8017-LXHFA,1
7729-JTEEC,0
3295-YVUSR,0
3776-EKTKM,0
1113-IUJYX,1
0895-LMRSF,0
6609-MXJHJ,0
7881-INRLC,1
1442-OKRJE,1
6848-HJTXY,0
4277-UDIEF,1
4818-DRBQT,1
9553-DLCLU,1
7530-HDYDS,1
5176-LDKUH,1
8266-VBFQL,0
5206-XZZQI,1
1212-GLHMD,0
0178-SZBHO,1
3481-JHUZH,1
1872-EBWSC,0
0439-IFYUN,0
1834-WULEG,0
9248-OJYKK,0
1474-JUWSM,1
6583-KQJLK,1
0254-FNMCI,1
7908-QCBCA,0
1169-WCVAK,1
9948-YPTDG,1
1092-WPIVQ,0
6351-SCJKT,0
5198-HQAEN,1
4237-RLAQD,0
3179-GBRWV,1
1991-VOPLL,0
1452-UZOSF,1
3540-RZJYU,0
8868-GAGIO,1
1078-TDCRN,0
9046-DQMTP,0
2208-NKVVH,0
4285-GYRQC,0
5321-NTRKC,1
4373-VVHQL,0
6221-AVQYL,0
5982-XMDEX,0
2408-TZMJL,1
1958-RNRKS,0
8950-MTZNV,0
5899-OUVKV,1
8550-XSXUQ,1
4522-XRWWI,1
0902-XKXPN,0
2888-ADFAO,0
7762-ONLJY,0
4837-PZTIC,0
0415-MOSGF,0
8631-XVRZL,0
9919-FZDED,1
2718-YSKCS,0
6345-FZOQH,0
7740-KKCXF,0
1251-STYSZ,0
0866-QLSIR,0
0607-MVMGC,1
5375-XLDOF,1
8023-QHAIO,1
9786-IJYDL,1
9620-ENEJV,0
6859-RKMZJ,0
5299-SJCZT,0
0895-UADGO,0
2451-YMUXS,1
0337-CNPZE,1
6036-TTFYU,0
2187-LZGPL,0
5641-DMBFJ,1
6585-WCEWR,0
7445-WMRBW,1
4198-VFOEA,0
4781-ZXYGU,0
5989-OMNJE,1
9661-ACXBS,1
7382-DFJTU,0
1895-QTKDO,0
6370-ZVHDV,0
5339-PXDVH,0
1784-BXEFA,0
3806-DXQOM,0
2239-CGBUZ,1
1217-VASWC,1
2400-XIWIO,1
9317-WZPGV,0
2580-ATZSQ,1
6734-CKRSM,0
7137-NAXML,0
5688-KZTSN,0
9495-REDIY,0
4439-YRNVD,0
1450-SKCVI,1
2858-MOFSQ,0
8929-KSWIH,1
7663-CUXZB,1
9470-XCCEM,1
1846-XWOQN,0
3318-ISQFQ,0
4583-PARNH,1
4816-OKWNX,1
2274-XUATA,1
0496-AHOOK,1
4365-MSDYN,0
5447-WZAFP,1
9624-EGDEQ,0
9351-HXDMR,1
4919-MOAVT,0
4342-HFXWS,1
0946-CLJTI,1
0394-YONDK,0
0608-JDVEC,0
7746-AWNQW,0
5803-NQJZO,1
7754-IXRMC,0
1386-ZIKUV,0
4801-JZAZL,0
8443-WVPSS,1
6818-WOBHJ,1
2307-FYNNL,1
1320-REHCS,1
3030-ZKIWL,0
4529-CKBCL,0
9881-VCZEP,0
1205-WNWPJ,0
1270-XKUCC,0
4778-IZARL,1
4174-LPGTI,1
7312-XSBAT,0
8108-UXRQN,0
0376-YMCJC,1
4732-RRJZC,0
5712-VBOXD,0
8861-HGGKB,0
1755-RMCXH,0
4835-YSJMR,0
9055-MOJJJ,1
9851-QXEEQ,1
8519-QJGJD,0
9430-FRQOC,0
6734-FQAJX,1
1360-JYXKQ,1
3199-NPKCN,1
4465-VDKIQ,0
1522-VVDMG,0
9732-OUYRN,0
6627-CFOSN,1
4868-AADLV,1
9696-RMYBA,0
9609-BENEA,1
1032-MAELW,1
6661-HBGWL,1
7409-JURKQ,1
0134-XWXCE,1
4423-YLHDV,1
5271-YNWVR,1
3537-RYBHH,1
5630-IXDXV,1
8837-VVWLQ,0
8761-NSOBC,1
8619-IJNDK,1
0742-NXBGR,0
9763-PDTKK,1
1453-RZFON,0
2499-AJYUA,1
0178-CIIKR,0
7503-MIOGA,1
8818-DOPVL,1
3205-MXZRA,0
3638-WEABW,1
7398-HPYZQ,1
0754-EEBDC,0
9812-GHVRI,1
6015-VVHHE,0
0815-MFZGM,1
7123-WQUHX,1
8067-NIOYM,0
8467-WYNSR,0
8625-AZYZY,1
1843-TLSGD,0
7921-LMDFQ,1
3473-XIIIT,1
6483-OATDN,0
5126-RCXYW,1
6137-MFAJN,0
2097-YVPKN,0
8048-DSDFQ,0
5494-HECPR,0
7167-PCEYD,0
8165-CBKXO,1
0513-RBGPE,1
6283-GITPX,1
5013-SBUIH,1
8565-HBFNN,1
4446-BZKHU,1
1740-CSDJP,0
5619-XZZKR,0
3370-GQEAL,0
4115-NZRKS,0
8387-UGUSU,0
4080-IIARD,0
3739-YBWAB,0
1833-VGRUM,0
3658-KIBGF,0
2560-WBWXF,0
9850-OWRHQ,0
7240-ETPTR,0
8259-DZLIZ,1
2908-ZTPNF,0
5099-BAILX,1
0628-CNQRM,1
7157-SMCFK,0
6435-SRWBJ,0
2371-JQHZZ,1
5382-TEMLV,0
6968-GMKPR,1
6896-SRVYQ,0
1640-PLFMP,0
6390-DSAZX,0
1741-WTPON,1
6166-ILMNY,0
1163-ONYEY,1
6319-QSUSR,0
5919-VCZYM,0
4277-BWBML,0
5371-VYLSX,1
1347-KTTTA,1
5751-USDBL,1
9142-XMYJH,0
1685-BQULA,1
7233-IOQNP,0
3589-PPVKW,0
7083-MIOPC,0
9661-MHUMO,0
6993-OHLXR,0
9674-EHPPG,0
5766-ZJYBB,0
2737-YNGYW,0
7101-HRBLJ,1
3511-APPBJ,1
1840-BIUOG,0
1337-BOZWO,0
2773-OVBPK,1
0730-BGQGF,1
1167-OYZJF,0
6591-QGOYB,1
1956-YIFGE,1
6060-QBMGV,0
8317-BVKSO,0
3842-IYKUE,1
1150-WFARN,1
9391-YZEJW,1
0311-UNPFF,1
8319-QBEHW,0
1680-VDCWW,0
2933-FILNV,0
6686-YPGHK,1
1303-SRDOK,1
3898-GUYTS,1
1035-IPQPU,1
6352-TWCAU,0
1470-PSXNM,1
5445-UTODQ,0
5414-OFQCB,1
4825-XJGDM,1
2195-VVRJF,0
4208-UFFGW,0
6537-OTKMY,0
5993-JSUWV,1
8295-KMENE,1
6851-WEFYX,1
9739-JLPQJ,1
4462-CYWMH,1
7028-DVOIQ,1
7718-RXDGG,0
2228-BZDEE,0
1848-LBZHY,0
2450-ZKEED,0
2277-BKJKN,1
1187-WILMM,1
4213-HKBJO,0
2075-PUEPR,0
2207-RYYRL,0
0749-IRGQE,0
9223-UCPVT,0
0326-VDYXE,1
9050-IKDZA,0
6040-CGACY,0
3508-CFVZL,1
4726-DLWQN,1
5712-PTIWW,0
1508-DFXCU,0
0196-JTUQI,0
4402-FTBXC,1
4102-HLENU,1
9565-JSNFM,0
7564-GHCVB,1
6030-REHUX,1
7957-RYHQD,1
9845-QOMAD,0
2474-LCNUE,1
1455-UGQVH,1
2984-MIIZL,0
1174-FGIFN,1
5482-NUPNA,0
3415-TAILE,0
7703-ZEKEF,0
9651-GTSAQ,1
6907-CQGPN,0
2057-ZBLPD,1
5639-NTUPK,0
5281-BUZGT,1
2673-ZALNP,0
7156-MXBJE,1
3178-FESZO,0
6332-FBZRI,1
9606-PBKBQ,1
2877-VDUER,0
1697-BCSHV,1
6242-SGYTS,1
4193-IBKSW,0
7672-VFMXZ,1
1121-QSIVB,1
3085-QUOZK,0
9385-NXKDA,1
7552-KEYGT,0
4713-ZBURT,1
1493-AMTIE,0
8566-YPRGL,0
0318-ZOPWS,0
9668-PUGNU,0
8328-SKJNO,0
2533-TIBIX,0
0612-RTZZA,0
2546-KZAAT,1
0643-OKLRP,1
8541-QVFKM,0
2205-YMZZJ,0
9871-ELEYA,1
0281-CNTZX,0
5686-CMAWK,0
2253-KPMNB,1
6184-DYUOB,0
9644-UMGQA,0
3657-COGMW,1
3724-BSCVH,0
2205-LPVGL,1
5578-NKCXI,1
9763-GRSKD,0
4877-TSOFF,1
8745-PVESG,0
5845-BZZIB,0
0516-UXRMT,1
4815-GBTCD,0
9840-EFJQB,0
6586-PSJOX,0
5977-CKHON,1
7596-IIWYC,0
4724-WXVWF,1
7901-HXJVA,0
0207-MDKNV,1
5973-EJGDP,1
8922-LIEGH,1
3067-SVMTC,1
3472-OAOOR,0
5006-MXVRN,0
4827-LTQRJ,1
6859-QNXIQ,1
0129-KPTWJ,1
8390-FESFV,1
4376-KFVRS,1
0568-ONFPC,0
9229-RQABD,0
9591-YVTEB,0
4482-FTFFX,0
7363-QTBIW,0
4550-EVXNY,0
7758-XKCBS,0
7808-DVWEP,0
0536-ESJEP,1
3834-XUIFC,0
2920-RNCEZ,0
3457-PQBYH,0
8430-TWCBX,0
1950-KSVVJ,1
3768-VHXQO,0
9365-CSLBQ,0
0929-HYQEW,0
2582-FFFZR,0
5536-RTPWK,1
0422-UXFAP,1
5919-TMRGD,0
7398-LXGYX,1
7251-LJBQN,1
4709-LKHYG,0
6101-IMRMM,0
4795-UXVCJ,0
4631-OACRM,0
6959-UWKHF,0
8644-XYTSV,0
4273-MBHYA,0
6976-BWGLQ,0
3945-GFWQL,0
2516-XSJKX,1
6982-SSHFK,0
6458-CYIDZ,0
0320-DWVTU,1
5095-AESKG,0
3577-AMVUX,0
3785-KTYSH,0
1170-SASML,1
7011-CVEUC,1
2486-WYVVE,1
6633-MPWBS,0
3317-HRTNN,0
3489-HHPFY,0
8819-WFGGJ,1
0723-VSOBE,0
8378-LKJAF,1
6689-KXGBO,0
6035-BXTTY,0
0697-ZMSWS,0
8748-HFWBO,0
4081-DYXAV,0
1432-FPAXX,0
7576-JMYWV,1
5849-ASHZJ,0
6900-RBKER,1
8111-SLLHI,1
8735-NBLWT,0
7094-MSZAO,0
2082-CEFLT,0
5542-NKVRU,0
1937-OTUKY,1
4819-HJPIW,0
3777-XROBG,0
6286-SUUWT,0
5832-TRLPB,1
3853-LYGAM,1
8016-NCFVO,1
6005-OBZPH,0
7408-OFWXJ,1
8910-ICHIU,1
2012-NWRPA,1
3612-YVGSJ,0
7322-OCWHC,1
7975-JMZNT,1
8433-WXGNA,0
6402-EJMWF,0
4614-NUVZD,0
5893-KCLGT,0
2862-PFNIK,0
8327-LZKAS,1
3685-YLCMQ,1
6625-IUTTT,1
4759-PXTAN,1
4338-EYCER,0
0876-WDUUZ,0
4712-UYOOI,0
4948-WBBKL,0
3261-CQXOL,0
8917-FAEMR,0
5931-FLJJF,0
9801-NOSHQ,0
0135-NMXAP,0
3567-PQTSO,1
0701-RFGFI,1
2725-KXXWT,0
2082-OJVTK,1
9134-CEQMF,0
8875-AKBYH,0
9828-QHFBK,0
9430-NKQLY,0
1536-YHDOE,0
8835-VSDSE,0
1478-VPOAD,0
7693-QPEFS,0
9227-LUNBG,0
9442-JTWDL,0
6217-TOWGS,1
6769-DCQLI,1
9356-AXGMP,1
3396-DKDEL,1
2672-HUYVI,0
4018-PPNDW,0
6158-HDPXZ,0
1716-LSAMB,1
8734-DKSTZ,0
7020-OZKXZ,0
7130-VTEWQ,0
6988-CJEYV,1
0562-HKHML,0
5380-WJKOV,1
8782-NUUOL,1
3703-KBKZP,0
8580-AECUZ,0
7956-XQWGU,0
1600-DILPE,0
0407-BDJKB,1
8498-XXGWA,1
4134-BSXLX,0
4020-KIUDI,0
0840-DCNZE,1
4695-VADHF,0
9885-MFVSU,0
2952-QAYZF,0
8232-UTFOZ,0
3005-TYFRD,1
1309-BXVOQ,1
2236-HILPA,0
2181-TIDSV,0
7998-WNZEM,1
3099-OONVS,0
7319-VENRZ,0
0853-NWIFK,1
1785-BPHTP,1
1621-YNCJH,1
5227-JSCFE,1
1448-PWKYE,0
6786-OBWQR,0
4946-EDSEW,0
7143-BQIBA,0
3146-MSEGF,1
4003-FUSHP,0
4445-KWOKW,1
0526-SXDJP,1
1629-DQQVB,0
3068-OMWZA,0
6715-OFDBP,0
1628-BIZYP,0
8690-UPCZI,1
0771-CHWSK,1
0392-BZIUW,1
9708-HPXWZ,0
2237-ZFSMY,1
2712-SYWAY,0
9685-WKZGT,0
5939-SXWHM,0
9802-CAQUT,1
1898-JSNDC,0
1902-XBTFB,1
5940-NFXKV,0
8313-AFGBW,1
5125-CNDSP,0
3620-MWJNE,0
1020-JPQOW,1
6103-LIANB,1
1951-IEYXM,1
2961-VNFKL,0
4450-MDZFX,1
5016-LIPDW,0
4254-QPEDE,1
7973-DZRKH,1
2958-NHPPS,0
0022-TCJCI,0
5846-ABOBJ,0
9889-TMAHG,1
2359-KMGLI,0
7173-TETGO,1
4782-OSFXZ,1
2167-FQSTQ,1
8749-TZYEC,0
4929-BSTRX,0
2892-GESUL,0
5935-FCCNB,1
0847-HGRML,0
4806-KEXQR,0
4355-CVPVS,1
8097-OMULG,1
9866-QEVEE,0
7594-LZNWR,0
0002-ORFBO,0
1635-NZATJ,0
7254-IQWOZ,0
3186-AJIEK,1
6298-QDFNH,0
9360-AHGNL,1
4378-MYPGO,1
3932-IJWDZ,1
8707-RMEZH,1
1194-BHJYC,1
4632-XJMEX,1
9373-WSLOY,1
9585-KKMFD,0
3230-WYKIR,1
8173-RXAYP,0
4662-EKDPQ,0
7272-QDCKA,1
4112-LUEIZ,0
7055-VKGDA,1
8621-MNIHH,1
1934-SJVJK,0
1564-NTYXF,0
0708-LGSMF,0
2672-OJQZP,0
1685-VAYJF,0
0068-FIGTF,1
9396-ZSFLL,0
4598-XLKNJ,1
6464-KEXXH,0
5848-FHRFC,0
0487-RPVUM,1
1213-NGCUN,0
0867-LDTTC,0
0654-HMSHN,1
4323-ELYYB,0
4816-LXZYW,0
4980-URKXC,0
2925-MXLSX,0
8720-RQSBJ,0
0871-URUWO,1
2927-CVULT,1
8739-QOTTN,0
4716-HHKQH,1
3173-WSSUE,0
4159-NAAIX,1
3712-PKXZA,0
2608-BHKFN,0
6950-TWMYB,1
0997-YTLNY,0
0730-KOAVE,1
3014-WJKSM,0
6505-OZNPG,1
9470-RTWDV,1
1941-HOSAM,0
6108-OQZDQ,1
1810-BOHSY,1
0121-SNYRK,0
8292-FRFZQ,0
1090-ESELR,1
3030-YDNRM,0
5640-CAXOA,0
7665-TOALD,0
4140-MUHUG,0
6029-CSMJE,0
7338-ERIVA,0
0516-VRYBW,0
9897-KXHCM,0
5550-VFRLC,0
7501-IWUNG,1
1910-FMXJM,1
1626-ERCMM,1
6061-PQHMK,0
3118-UHVVQ,0
4958-XCBDQ,1
7694-VLBWQ,1
3170-NMYVV,0
6738-ISCBM,1
6718-BDGHG,1
3466-BYAVD,1
3402-XRIUO,0
3452-SRFEG,0
5028-GZLDO,0
6701-DHKWQ,1
6128-AQBMT,1
5827-MWCZK,1
0432-CAJZV,0
2680-XKKNJ,0
8685-WHQPW,0
2085-BOJKI,1
5897-ZYEKH,1
6476-YHMGA,1
8647-SDTWQ,1
0229-LFJAF,1
5828-AVIPD,1
7353-YOWFP,0
4439-JMPMT,0
2694-CIUMO,0
3967-VQOGC,0
9774-NRNAU,1
7923-IYJWY,1
8208-EUMTE,0
2254-DLXRI,0
3190-ITQXP,0
5793-YOLJN,0
2408-WITXK,0
7634-HLQJR,0
5887-IKKYO,1
2800-QQUSO,1
6653-CBBOM,0
7142-HVGBG,1
3606-SBKRY,0
6927-WTFIV,0
6897-RWMUB,1
6668-CNMFP,1
0430-IHCDJ,0
0991-BRRFB,0
8049-WJCLQ,0
2239-CFOUJ,0
8003-EWNDZ,0
2369-UAPKZ,1
2197-OMWGI,1
6311-UEUME,0
5012-YSPJJ,0
2812-REYAT,0
0253-ZTEOB,1
1568-LJSZU,1
0378-NHQXU,0
8908-NMQTX,1
5243-SAOTC,0
8069-YQQAJ,0
4183-MYFRB,1
2239-JALAW,1
7593-XFKDI,0
5606-AMZBO,0
7228-OMTPN,0
0581-BXBUB,0
9314-QDMDW,0
2476-YGEFM,0
2114-MGINA,0
6559-PDZLR,1
3786-WOVKF,1
4097-YODCF,1
6654-QGBZZ,0
8099-MZPUJ,1
3677-IYRBF,0
2516-VQRRV,0
3663-MITLP,1
8610-ZIKJJ,0
3063-QFSZL,0
5533-RJFTJ,0
3466-RITXD,1
8735-DCXNF,0
0696-UKTOX,0
2625-TRCZQ,1
7508-SMHXL,0
2749-CTKAJ,0
3841-NFECX,1
3255-GRXMG,0
9269-CQOOL,0
0174-QRVVY,0
9593-CVZKR,0
5883-GTGVD,1
6862-CQUMB,1
6685-GBWJZ,1
2722-JMONI,0
7449-HVPIV,1
6022-UGGSO,0
1436-ZMJAN,0
6963-KQYQB,0
7010-ZMVBF,0
8779-QRDMV,0
7492-TAFJD,0
0058-EVZWM,1
6461-SZMCV,1
7075-BNDVQ,0
5136-GFPMB,1
9715-WZCLW,1
7266-GSSJX,0
7339-POGZN,0
3253-HKOKL,1
0057-QBUQH,0
5192-EBGOV,0
1730-ZMAME,0
6997-UVGOX,1
2472-OVKUP,1
3230-IUALN,1
4312-KFRXN,0
6016-NXBNJ,0
5018-GWURO,1
6475-VHUIZ,0
8659-IOOPU,1
7064-FRRSW,1
3910-MRQOY,0
7771-ZONAT,0
0719-SYFRB,0
4670-TABXH,1
8242-PDSGJ,1
4299-SIMNS,0
4832-VRBMR,1
9705-ZJBCG,0
6128-CZOMY,0
9068-FHQHD,0
3785-NRHYR,0
2219-MVUSO,0
8044-BGWPI,0
5501-TVMGM,0
3509-GWQGF,0
3006-XIMLN,0
3549-ZTMNH,0
7963-SHNDT,0
4521-WFJAI,0
0952-KMEEH,0
7181-BQYBV,1
6243-OZGFH,0
0306-JAELE,0
2439-QKJUL,0
3566-CAAYU,1
4360-QRAVE,0
9283-LZQOH,0
0613-WUXUM,0
6176-YJWAS,1
9907-SWKKF,0
8779-YIQQA,0
2897-DOVND,0
1635-FJFCC,0
6734-PSBAW,0
1133-KXCGE,0
8999-BOHSE,0
8263-JQAIK,0
9300-RENDD,0
1389-WNUIB,1
7881-EVUAD,0
0487-CRLZF,1
5312-IRCFR,1
2430-RRYUW,1
2478-EEWWM,1
1518-VOWAV,0
5202-IVJNU,0
9971-ZWPBF,1
8480-PPONV,1
5043-TRZWM,0
9860-LISIZ,0
1024-KPRBB,1
6169-PGNCD,1
0871-OPBXW,0
8543-MSDMF,0
3518-FSTWG,1
2774-LVQUS,0
2845-HSJCY,1
8270-RKSAP,0
2809-ZMYOQ,1
3351-NQLDI,1
0744-GKNGE,1
2001-MCUUW,1
9767-FFLEM,0
8985-OOPOS,0
4182-BGSIQ,0
3969-GYXEL,0
4853-RULSV,1
8728-SKJLR,0
0851-DFJKB,0
4116-TZAQJ,0
9730-DRTMJ,1
2139-FQHLM,0
0618-XWMSS,0
7758-UJWYS,0
6953-PBDIN,1
3878-AVSOQ,0
3346-BRMIS,0
6791-YBNAK,0
1403-GYAFU,0
3886-CERTZ,1
9261-WDCAF,0
8184-WMOFI,1
9114-VEPUF,1
7929-SKFGK,1
7493-TPUWZ,0
8709-KRDVL,1
4299-OPXEJ,0
5520-FVEWJ,1
5687-DKDTV,0
9518-RWHZL,1
1982-FEBTD,0
6467-CHFZW,1
2530-ENDWQ,1
9818-XQCUV,0
0280-XJGEX,1
8859-YSTWS,0
6384-VMJHP,1
7892-QVYKW,1
3678-MNGZX,0
7663-RGWBC,0
2282-YGNOR,0
0434-CSFON,1
5872-OEQNH,1
3927-NLNRY,1
3373-YZZYM,0
2645-QTLMB,1
8947-YRTDV,1
3810-DVDQQ,1
6067-NGCEU,1
0142-GVYSN,0
5141-ZUVBH,1
7682-AZNDK,1
6116-RFVHN,1
0841-NULXI,0
6038-GCYEC,1
5143-EGQFK,0
5515-IDEJJ,0
7663-YJHSN,1
8028-PNXHQ,0
9408-SSNVZ,0
3191-CSNMG,0
3845-FXCYS,0
1306-RPWXZ,0
0732-OCQOC,0
0928-XUTSN,0
2446-BEGGB,1
7296-PIXQY,0
0212-ISBBF,0
5327-CNLUQ,1
0064-YIJGF,0
1222-LRYKO,0
3092-IGHWF,1
0835-DUUIQ,0
0971-QIFJK,0
6425-YQLLO,1
0523-VNGTF,1
9770-LXDBK,0
4658-HCOHW,1
6543-CPZMK,0
7996-MHXLW,0
4537-CIBHB,0
1534-OULXE,1
1061-PNTHC,1
0148-DCDOS,1
4851-BQDNX,1
9134-WYRVP,1
8076-FEZKJ,0
0557-ASKVU,0
4274-OWWYO,0
8603-IJWDN,0
5642-MHDQT,0
7901-TBKJX,1
6500-JVEGC,1
7164-BPTUT,1
9073-ZZIAY,1
3285-UCQVC,0
0917-EZOLA,1
5996-EBTKM,1
7105-BENQF,0
3049-NDXFL,0
2070-XYMFH,0
2640-PMGFL,0
1585-MQSSU,0
2900-PHPLN,0
2164-SOQXL,0
2806-MLNTI,1
2863-IMQDR,1
5804-JMYIO,0
1998-VHJHK,0
2267-FPIMA,1
4432-ADRLB,0
2519-TWKFS,0
6114-TCFID,0
3392-EHMNK,1
2465-BLLEU,0
2568-OIADY,1
9170-ARBTB,0
5493-SDRDQ,0
1095-WGNGG,1
3717-LNXKW,1
4484-GLZOU,1
4712-AUQZO,0
0330-IVZHA,0
9862-KJTYK,0
5949-EBSQK,0
7721-JXEAW,1
3446-QDSZF,0
3890-RTCMS,0
4061-UKJWL,0
6047-SUHPR,0
1557-EMYVT,1
8775-LHDJH,0
0564-MUUQK,1
6885-PKOAM,1
4390-KYULV,0
4683-WYDOU,1
7346-MEDWM,1
4030-VPZBD,0
2894-QOJRX,0
5736-YEJAX,1
9076-AXYIK,1
9450-TRJUU,0
8314-DPQHL,0
6691-CCIHA,1
2669-OIDSD,1
0386-CWRGM,0
1732-VHUBQ,0
7571-YXDAD,0
3498-LZGQZ,0
2475-MROZF,1
3811-VBYBZ,0
5924-IFQTT,0
9758-MFWGD,0
8318-LCNBW,1
8216-AZUUZ,1
4776-XSKYQ,0
5440-VHLUL,1
2773-MADBQ,1
5522-NYKPB,1
8414-OOEEL,1
3050-GBUSH,0
3544-FBCAS,1
1684-FLBGS,1
8802-UNOJF,0
2121-JAFOM,1
2632-UCGVD,1
6502-HCJTI,1
8740-XLHDR,0
6817-WTYHE,0
0455-XFASS,0
8107-KNCIM,0
7634-WSWDB,0
6734-JDTTV,0
3317-VLGQT,0
2080-SRCDE,0
7856-GANIL,1
0909-SELIE,1
5458-CQJTA,1
3132-TVFDZ,1
2054-PJOCK,1
9548-ZMVTX,1
6333-YDVLT,1
2252-JHJGE,1
6133-OZILE,0
6131-JLWZM,0
2606-RMDHZ,0
7594-RQHXR,0
7318-EIVKO,0
3345-PBBFH,0
7577-SWIFR,0
9347-AERRL,0
3022-BEXHZ,1
2911-WDXMV,0
8065-BVEPF,1
6330-JKLPC,0
7239-HZZCX,0
8050-DVOJX,1
1323-OOEPC,1
7576-ASEJU,1
1338-CECEE,1
0274-JKUJR,1
9239-ZBZZV,0
9102-OXKFY,0
6317-YPKDH,0
6284-AHOOQ,1
9650-VBUOG,0
6480-YAGIY,1
7377-DMMRI,0
5172-RKOCB,1
2223-GDSHL,1
9894-QMIMJ,0
5275-PMFUT,1
6960-HVYXR,0
2860-RANUS,0
3001-CBHLQ,1
2550-AEVRU,1
9447-YPTBX,0
7108-DGVUU,0
2887-JPYLU,0
4652-NNHNY,0
9770-KXGQU,1
1935-IMVBB,1
8757-TFHHJ,0
2346-CZYIL,0
0975-UYDTX,1
4950-HKQTE,0
1449-XQEMT,0
4987-GQWPO,0
1932-UEDCX,1
9611-CTWIH,0
0181-RITDD,1
5177-RVZNU,0
6969-MVBAI,0
8138-EALND,0
2388-LAESQ,1
8752-IMQOS,0
9592-ERDKV,1
1552-AAGRX,1
6323-AYBRX,0
0519-XUZJU,0
2812-ENYMO,1
6034-ZRYCV,1
4237-CLSMM,0
7978-DKUQH,0
8634-CILSZ,1
9173-IVZVP,0
4106-HADHQ,1
3804-RVTGV,1
2034-GDRCN,0
5850-BDWCY,0
9644-KVCNC,1
0869-PAPRP,1
7795-CFOCW,0
2882-DDZPG,0
4967-WPNCF,1
4770-UEZOX,0
3012-VFFMN,0
2595-KIWPV,0
1395-OFUWC,0
9931-DCEZH,0
6794-HKIAJ,1
3755-JBMNH,0
3194-ORPIK,1
1589-AGTLK,0
4701-AHWMW,1
8809-XKHMD,1
9174-FKWZE,0
2826-UWHIS,1
5439-WIKXB,1
0301-FIDRB,1
3898-BSJYF,0
6440-DKQGE,0
8398-TBIYD,1
3882-IYOIJ,1
6599-SFQVE,0
8182-PNAGI,0
1391-UBDAR,0
0691-IFBQW,1
0799-DDIHE,0
4324-BZCKL,0
6261-LHRTG,0
3398-GCPMU,1
2911-IJORQ,1
0931-MHTEM,1
5616-PRTNT,0
3254-YRILK,0
6857-TKDJV,0
8631-NBHFZ,1
5087-SUURX,0
9921-QFQUL,1
4581-LNWUM,0
5829-NVSQN,1
4623-ZKHLY,0
5312-TSZVC,0
5296-BFCYD,0
2592-YKDIF,0
7369-TRPFD,0
1229-RCALF,1
0599-XNYDO,0
2896-TBNBE,1
9277-JOOMO,0
2957-LOLHO,0
1120-BMWUB,0
7479-NITWS,0
7602-DBTOU,0
2037-XJFUP,1
6408-OTUBZ,1
2333-KWEWW,0
8620-RJPZN,0
8807-ARQET,0
0289-IVARM,0
1921-KYSAY,1
8654-DHAOW,0
2143-LJULT,0
4079-WWQQQ,1
8397-MVTAZ,1
5158-RIVOP,0
4012-YCFAI,1
8849-PRIQJ,1
6110-OHIHY,0
1679-JRFBR,1
4690-LLKUA,0
5364-XYIRR,1
2344-JMOGN,1
6838-YAUVY,1
3500-NSDOA,1
6865-JZNKO,0
9490-DFPMD,1
7285-KLOTR,1
2925-VDZHY,1
3831-YCPUO,1
7617-EYGLW,0
0100-DUVFC,1
3347-YJZZE,1
3795-CAWEX,1
1376-HHBDV,0
8383-SGHJU,0
9167-APMXZ,0
0107-WESLM,0
1052-QJIBV,0
0495-RVCBF,0
3280-NMUVX,0
4083-BFNYK,1
6275-YDUVO,0
5419-JPRRN,0
1768-HNVGJ,1
0827-ITJPH,0
4994-OBRSZ,1
0743-HNPFG,1
7402-EYFXX,1
4229-CZMLL,0
0374-FIUCA,0
5317-FLPJF,1
3011-WQKSZ,0
9746-YKGXB,1
1866-DIOQZ,1
3055-VTCGS,1
6356-ELRKD,0
2799-ARNLO,0
5542-DHSXL,0
2717-HVIZY,0
4193-ORFCL,0
5766-FTRTS,1
2706-QZIHY,0
9659-ZTWSM,1
2865-TCHJW,0
5419-KLXBN,1
3797-VTIDR,0
9572-WUKSB,0
2673-CXQEU,1
5315-CKEQK,0
8612-GXIDD,0
0454-OKRCT,1
2866-IKBTM,0
8316-BBQAY,1
3594-IVHJZ,0
1258-YMZNM,1
5909-ECHUI,0
0895-LNKRC,0
9878-TNQGW,0
2683-JXWQQ,0
7168-HDQHG,0
9955-QOPOY,1
3162-KKZXO,1
3727-OWVYD,1
3908-BLSYF,0
0463-WZZKO,0
4248-QPAVC,0
5893-PYOLZ,1
8847-GEOOQ,1
9391-DXGGG,1
8485-GJCDN,0
7131-ZQZNK,1
7841-FCRQD,0
2576-HXMPA,0
7764-BDPEE,0
6402-ZFPPI,1
4079-ULGFR,0
0471-ARVMX,1
3727-OVPRY,0
7493-GVFIO,0
4361-JEIVL,0
2495-KZNFB,1
8100-PNJMH,1
0282-NVSJS,0
9776-OJUZI,1
7613-LLQFO,0
5656-JAMLX,0
4900-MSOMT,1
4817-KEQSP,0
4609-KNNWG,0
7159-NOKYQ,1
1231-YNDEK,0
4176-FXYBO,1
3763-GCZHZ,1
0607-DAAHE,0
3580-REOAC,0
4680-KUTAJ,0
6368-NWMCE,1
2040-LDIWQ,1
8597-CTXVJ,1
0235-KGSLC,0
7196-LIWRH,0
5256-SKJGO,1
7969-AULMZ,1
1596-BBVTG,0
9286-DOJGF,0
9133-AYJZG,1
6142-VSJQO,0
4931-TRZWN,0
6892-EZDTG,0
3913-RDSJZ,0
8455-HIRAQ,0
4190-MFLUW,0
8133-ANHHJ,1
0947-IDHRQ,0
6689-TCZHQ,0
7139-JZFVG,1
7951-QKZPL,0
2971-SGAFL,1
4770-QAZXN,0
8198-RKSZG,1
3547-LQRIK,0
2332-EFBJY,0
5524-KHNJP,1
9233-PSYHO,1
9710-NJERN,0
3058-WQDRE,0
5084-OOVCJ,0
5681-LLOEI,1
6986-IJDHX,1
2235-EZAIK,1
5306-BVTKJ,1
8695-ARGXZ,0
5896-NPFWW,0
1095-JUDTC,1
0804-XBFBV,0
7481-ATQQS,1
0657-DOGUM,1
3230-JCNZS,1
9391-LMANN,1
1623-NLDOT,0
8777-MBMTS,1
2194-IIQOF,1
6897-UUBNU,1
7009-PCARS,0
6078-VESFR,0
8626-PTQGE,1
7799-LGRDP,0
2843-CQMEG,0
9200-NLNPD,1
5271-DBYSJ,0
8242-SOQUO,0
4086-YQSNZ,0
9820-RMCQV,0
5174-RNGBH,0
9631-RXVJM,0
5519-TEEUH,0
5236-XMZJY,0
0665-XHDJU,1
5353-WILCI,0
1936-UAFEH,1
6169-PPETC,0
9025-AOMKI,0
1343-EHPYB,1
1450-GALXR,1
0836-SEYLU,0
1385-TQOZW,0
2207-OBZNX,0
3164-AALRN,0
7452-FOLON,0
5039-LZRQT,0
6103-QCKFX,1
0637-UBJRP,1
4836-WNFNO,0
7120-RFMVS,0
7901-IIDQV,0
1855-CFULU,0
2959-FENLU,0
6701-YVNQG,1
3243-ZHOHY,0
2386-LAHRK,0
1658-BYGOY,1
2314-TNDJQ,1
9586-JGQKH,1
7233-DRTRF,1
8718-PTMEZ,0
2272-WUSPA,1
4183-WCSEP,0
4837-QUSFT,1
2495-INZWQ,0
2688-BHGOG,0
9359-JANWS,1
7394-LWLYN,0
1221-GHZEP,1
2722-VOJQL,1
7435-ZNUYY,0
5696-JVVQY,1
6227-HWPWX,0
2954-PIBKO,1
5003-XZWWO,1
5378-IKEEG,0
9633-XQABV,0
5825-XJOCM,1
0786-IVLAW,1
4054-CUMIA,0
6732-VAILE,1
0254-WWRKD,1
2446-PLQVO,0
7295-JOMMD,1
8217-QYOHV,0
2523-EWWZL,0
7253-UVNDW,0
8695-WDYEA,0
3420-ZDBMA,0
7270-BDIOA,0
4455-BFSPD,1
0164-APGRB,1
1482-OXZSY,1
3486-NPGST,0
0230-WEQUW,1
2192-CKRLV,1
2460-NGXBJ,0
1561-BWHIN,0
1976-CFOCS,0
2162-FRZAA,1
2719-BDAQO,1
6898-MDLZW,0
5647-FXOTP,1
2077-MPJQO,0
5396-IZEPB,0
9499-XPZXM,1
6661-EIPZC,0
2599-CIPQE,1
5149-QYTTU,1
3088-LHEFH,0
8738-JOKAR,1
0219-YTZUE,0
0377-JBKKT,1
9074-KGVOX,0
3594-BDSOA,0
6121-VZNQB,0
1728-BQDMA,0
6702-OHFWR,0
3372-KWFBM,0
1728-CXQBE,1
3452-ABWRL,1
1136-XGEQU,1
8434-PNQZX,1
9754-CLVZW,0
3097-NNSPB,0
3486-KHMLI,0
9257-AZMTZ,0
8717-VCTXJ,0
1925-GMVBW,0
2507-QZPQS,1
2931-XIQBR,1
2786-GCDPI,1
2027-OAQQC,1
7706-DZNKK,0
2418-TPEUN,0
2988-GBIVW,1
0322-YINQP,0
2573-GYRUU,1
7100-FQPRV,1
7874-ECPQJ,0
9776-CLUJA,1
4883-KCPZJ,0
9405-GPBBG,1
9699-UBQFS,1
0428-IKYCP,1
4860-YZGZM,0
2005-DWQZJ,0
6248-BSHKG,0
1984-GPTEH,0
9626-VFRGG,1
7924-GJZFI,0
2521-NPUZR,1
4029-HPFVY,0
6377-WHAOX,1
3082-VQXNH,0
1689-YQBYY,0
2055-PDADH,0
4979-HPRFL,0
0106-GHRQR,0
9938-PRCVK,0
1415-YFWLT,0
5756-OZRIO,1
4351-QLCSU,0
8015-IHCGW,1
4632-PAOYU,0
9680-NIAUV,1
2480-JZOSN,0
6994-ORCWG,0
5774-XZTQC,0
2122-SZZZD,0
2040-OBMLJ,0
5494-WOZRZ,1
6769-DYBQN,1
0265-EDXBD,0
8749-CLJXC,0
7820-ZYGNY,1
4676-MQUEA,1
1423-BMPBQ,0
9500-LTVBP,0
4576-CSAJH,0
6086-ESGRL,0
2111-DWYHN,0
8952-WCVCD,1
1028-FFNJK,1
3757-NJYBX,1
9975-GPKZU,0
2215-ZAFGX,0
9780-FKVVF,0
2302-ANTDP,1
3211-ILJTT,0
0013-MHZWF,0
0379-DJQHR,1
2284-VFLKH,1
7821-DPRQE,1
9993-LHIEB,1
8679-JOEVF,0
2703-AMTUL,0
1702-CCFNJ,1
8617-ENBDS,0
6490-FGZAT,0
2519-FAKOD,1
0187-QSXOE,1
7644-OMVMY,0
9638-JIQYA,0
5022-JNQEQ,0
0195-IESCP,0
3104-OWCGK,1
9796-MVYXX,0
3911-RSNHI,1
4753-PADAS,1
1335-NTIUC,0
7317-GGVPB,1
0327-WFZSY,1
0301-KOBTQ,0
0727-BNRLG,1
4825-FUREZ,0
2649-HWLYB,1
7176-WRTNX,1
0048-PIHNL,0
7693-LCKZL,0
1760-CAZHT,0
7074-IEVOJ,0
4893-GYUJU,0
2685-SREOM,1
9958-MEKUC,1
2709-UQGNP,0
2675-IJRGJ,0
3208-YPIOE,0
5402-HTOTQ,0
7502-BNYGS,1
9426-SXNHE,0
3195-TQDZX,0
6860-YRJZP,0
3891-PUQOD,0
3422-LYEPQ,0
8393-DLHGA,1
2739-CACDQ,0
1172-VIYBP,1
5875-YPQFJ,0
4806-HIPDW,0
6766-HFKLA,1
6388-TABGU,0
0203-HHYIJ,0
4807-IZYOZ,0
3487-EARAT,1
4256-ZWTZI,0
6844-DZKRF,0
9214-EKVXR,0
4334-HOWRP,1
7905-NJMXS,0
0303-UNCIP,1
2675-DHUTR,1
5649-ANRML,0
8388-FYNPZ,0
0979-MOZQI,0
5951-AOFIH,1
0872-CASZJ,1
5136-KCKGI,1
9435-JMLSX,1
2682-KEVRP,0
4075-JFPGR,1
3896-RCYYE,1
2862-JVEOY,0
8938-UMKPI,1
4238-JSSWH,1
6532-YLWSI,0
4990-ALDGW,0
1448-CYWKC,1
9577-WJVCQ,0
5423-BHIXO,0
5377-NDTOU,1
0420-BWTPW,0
0197-PNKNK,1
9647-ERGBE,1
6921-OZMFH,0
1444-VVSGW,1
6174-NRBTZ,0
6445-TNRXS,1
6635-MYYYZ,1
8305-VHZBZ,0
9814-AOUDH,0
2178-PMGCJ,0
1905-OEILC,0
1850-AKQEP,0
3363-EWLGO,0
4729-XKASR,0
3957-SQXML,0
4678-DVQEO,0
9135-HSWOC,0
5229-DTFYB,1
2207-NHRJK,0
8409-WQJUX,1
9985-MWVIX,0
3629-WEAAM,0
1619-YWUBB,0
6682-VCIXC,1
8123-QBNAZ,1
6892-XPFPU,1
1090-PYKCI,1
7740-BTPUX,1
8348-HFYIV,0
3800-LYTRK,0
6615-ZGEDR,0
8901-HJXTF,0
7009-LGECI,0
3566-HJGPK,0
6646-QVXLR,1
8042-RNLKO,0
7520-HQWJU,1
5170-PTRKA,0
2946-KIQSP,0
9968-FFVVH,1
2088-IEBAU,1
8262-COGGB,0
3865-QBWSJ,1
6818-DJXAA,0
6685-XSHHU,0
1752-OZXFY,1
5696-EXCYS,0
8851-RAGOV,1
3115-JPJDD,1
0447-RXSGD,1
6322-PJJDJ,1
7993-NQLJE,0
5562-BETPV,0
8749-JMNKX,1
5176-LMJXE,0
0325-XBFAC,0
4350-ZTLPI,1
5133-VRSAB,0
1794-SWWKL,0
1583-IHQZE,1
4559-UWIHT,0
4619-EVPHY,1
3133-PZNSR,1
4774-HHGGS,0
4039-HEUNW,1
3946-MHCZW,0
4854-SSLTN,0
6833-JMZYP,1
8100-HZZLJ,1
3565-UNOCC,1
2778-OCLGR,0
9168-INPSZ,1
7114-AEOZE,0
1465-LNTLJ,0
8375-KVTHK,1
0959-WHOKV,1
3709-OIJEA,1
6641-XRPSU,0
4903-UYAVB,0
8840-DQLGN,1
8532-UEFWH,0
7817-BOQPW,0
2380-DAMQP,1
8263-QMNTJ,1
3198-VELRD,0
7781-EWARA,1
3363-DTIVD,1
0685-MLYYM,0
3889-VWBID,1
9693-XMUOB,1
8668-KNZTI,0
5397-NSKQG,1
4818-QIUFN,0
7550-WIQVA,1
9894-EZEWG,0
4518-FZBSX,0
9488-HGMJH,0
8436-BJUMM,1
6629-CZTTH,0
3938-YFPXD,1
9063-ZGTUY,0
8661-BOYNW,1
4998-IKFSE,1
5140-FOMCQ,1
1057-FOGLZ,0
3723-BFBGR,0
7159-FVYPK,0
5419-JKZNQ,0
9953-ZMKSM,0
0504-HHAPI,0
1985-MBRYP,0
2592-SEIFQ,0
2569-WGERO,0
4459-BBGHE,0
8120-JDCAM,0
0491-KAPQG,0
9079-LWTFD,1
7243-LCGGZ,0
0219-QAERP,0
0868-VJRDR,1
5837-LXSDN,0
5627-TVBPP,0
8696-JKZNU,0
5975-BAICR,1
6007-TCTST,1
8608-OZTLB,1
3482-ABPKK,0
3653-NCRDJ,0
2176-LVPNX,1
3717-OFRTN,0
7136-IHZJA,1
8357-EQXFO,1
2202-CUYXZ,0
8089-UZWLX,1
8200-LGKSR,1
9318-NKNFC,0
5568-DMXZS,0
0218-QNVAS,1
7627-JKIAZ,0
7580-UGXNC,0
0311-QYWSS,0
9700-ISPUP,0
3097-IDVPU,0
0870-VEMYL,0
0781-LKXBR,1
6918-UMQCG,0
8158-WPEZG,0
0366-NQSHS,0
0621-TSSMU,0
1157-BQCUW,0
0336-PIKEI,1
4536-PLEQY,1
4538-WNTMJ,0
4301-VVZKA,0
2542-HYGIQ,0
4353-HYOJD,0
5329-KRDTM,1
9093-FPDLG,1
4194-FJARJ,1
3522-CDKHF,0
3933-DQPWX,0
2452-MRMZF,0
0365-GXEZS,0
3675-EQOZA,0
7242-EDTYC,0
3173-NVMPX,0
2789-CZANW,1
3638-DIMPH,0
8937-RDTHP,0
1140-UKVZG,0
5304-EFJLP,1
4891-NLUBA,1
5286-YHCVC,1
0897-FEGMU,1
8189-DUKMV,0
8445-DNBAE,0
7576-OYWBN,0
9334-GWGOW,0
5655-JSMZM,1
2796-NNUFI,0
7581-EBBOU,1
2805-AUFQN,0
5268-DSMNQ,1
2737-WFVYW,0
6368-TZZDT,0
8593-WHYHV,0
5197-PYEPU,1
6663-JOCQO,1
2279-AXJJK,1
5313-FPXWG,0
4013-TLDHQ,0
4827-USJHP,0
6394-HHHZM,0
9560-BBZXK,0
7739-LAXOG,1
8092-NLTGF,0
1768-ZAIFU,0
3865-ZFZIB,0
6097-EQISJ,1
6917-FIJHC,0
3569-EDBPQ,0
1042-HFUCW,0
9465-RWMXL,0
7921-BEPCI,1
9170-GYZJC,1
3976-BWUCK,1
3058-HJCUY,1
8909-BOLNL,0
1866-RZZQS,1
1573-LGXBA,1
7562-UXTPG,0
6845-RGTYS,1
8098-TDCBU,0
2720-WGKHP,0
0310-SUCIN,1
0315-LVCRK,0
8250-ZNGGW,0
2172-EJXVF,1
0103-CSITQ,1
0556-FJEGU,1
9227-YBAXE,1
4636-JGAAI,1
1093-YSWCA,0
4558-FANTW,1
1552-CZCLL,0
0263-FJTQO,1
2826-DXLQO,0
7639-SUPCW,0
2270-CHBFN,1
1248-DYXUB,0
7361-YPXFS,0
4119-ZYPZY,1
4797-MIWUM,0
7554-AKDQF,0
6223-DHJGV,0
4936-YPJNK,0
6847-KJLTS,1
4811-JBUVU,1
2369-FEVNO,0
4824-GUCBY,0
0859-YGKFW,0
0699-NDKJM,1
7049-GKVZY,1
